source_clip	result	motion_path	note
mn_cdkcn_00-2_ani__att_status1_12_01	created	Assets/KamenAsset/KamenAnimClip/v1/DuplicatedFromFbx/Status/mn_cdkcn_00-2_status1_12/mn_cdkcn_00-2_ani__att_status1_12_01.anim	candidates=1
mn_cdkcn_00-2_ani__att_status1_13_01	created	Assets/KamenAsset/KamenAnimClip/v1/DuplicatedFromFbx/Status/mn_cdkcn_00-2_status1_13/mn_cdkcn_00-2_ani__att_status1_13_01.anim	candidates=1
mn_cdkcn_00-2_ani__att_status1_13_02	created	Assets/KamenAsset/KamenAnimClip/v1/DuplicatedFromFbx/Status/mn_cdkcn_00-2_status1_13/mn_cdkcn_00-2_ani__att_status1_13_02.anim	candidates=1
mn_cdkcn_00-2_ani__att_status1_15_01	created	Assets/KamenAsset/KamenAnimClip/v1/DuplicatedFromFbx/Status/mn_cdkcn_00-2_status1_15/mn_cdkcn_00-2_ani__att_status1_15_01.anim	candidates=1
mn_cdkcn_00-2_ani__att_status1_15_02	created	Assets/KamenAsset/KamenAnimClip/v1/DuplicatedFromFbx/Status/mn_cdkcn_00-2_status1_15/mn_cdkcn_00-2_ani__att_status1_15_02.anim	candidates=1
mn_cdkcn_00-2_ani__att_status1_15_03	created	Assets/KamenAsset/KamenAnimClip/v1/DuplicatedFromFbx/Status/mn_cdkcn_00-2_status1_15/mn_cdkcn_00-2_ani__att_status1_15_03.anim	candidates=1
mn_cdkcn_00-2_ani__att_status1_15_04	created	Assets/KamenAsset/KamenAnimClip/v1/DuplicatedFromFbx/Status/mn_cdkcn_00-2_status1_15/mn_cdkcn_00-2_ani__att_status1_15_04.anim	candidates=1
mn_cdkcn_00-2_ani__att_status1_19_01	created	Assets/KamenAsset/KamenAnimClip/v1/DuplicatedFromFbx/Status/mn_cdkcn_00-2_status1_19/mn_cdkcn_00-2_ani__att_status1_19_01.anim	candidates=1
mn_cdkcn_00-2_ani__att_status1_25_01	created	Assets/KamenAsset/KamenAnimClip/v1/DuplicatedFromFbx/Status/mn_cdkcn_00-2_status1_25/mn_cdkcn_00-2_ani__att_status1_25_01.anim	candidates=1
mn_cdkcn_00-2_ani__att_status1_25_02	created	Assets/KamenAsset/KamenAnimClip/v1/DuplicatedFromFbx/Status/mn_cdkcn_00-2_status1_25/mn_cdkcn_00-2_ani__att_status1_25_02.anim	candidates=1
mn_cdkcn_00-2_ani__att_status1_25_03	created	Assets/KamenAsset/KamenAnimClip/v1/DuplicatedFromFbx/Status/mn_cdkcn_00-2_status1_25/mn_cdkcn_00-2_ani__att_status1_25_03.anim	candidates=1
mn_cdkcn_00-2_ani__att_status1_25_04	created	Assets/KamenAsset/KamenAnimClip/v1/DuplicatedFromFbx/Status/mn_cdkcn_00-2_status1_25/mn_cdkcn_00-2_ani__att_status1_25_04.anim	candidates=1
mn_cdkcn_00-2_ani__att_status1_46_01	created	Assets/KamenAsset/KamenAnimClip/v1/DuplicatedFromFbx/Status/mn_cdkcn_00-2_status1_46/mn_cdkcn_00-2_ani__att_status1_46_01.anim	candidates=1
mn_cdkcn_00-2_ani__att_status1_46_02	created	Assets/KamenAsset/KamenAnimClip/v1/DuplicatedFromFbx/Status/mn_cdkcn_00-2_status1_46/mn_cdkcn_00-2_ani__att_status1_46_02.anim	candidates=1
mn_cdkcn_00-2_ani__att_status1_46_03	created	Assets/KamenAsset/KamenAnimClip/v1/DuplicatedFromFbx/Status/mn_cdkcn_00-2_status1_46/mn_cdkcn_00-2_ani__att_status1_46_03.anim	candidates=1
mn_cdkcn_00-2_ani__att_status1_46_04	created	Assets/KamenAsset/KamenAnimClip/v1/DuplicatedFromFbx/Status/mn_cdkcn_00-2_status1_46/mn_cdkcn_00-2_ani__att_status1_46_04.anim	candidates=1
mn_cdkcn_00-2_ani__att_status1_46_05	created	Assets/KamenAsset/KamenAnimClip/v1/DuplicatedFromFbx/Status/mn_cdkcn_00-2_status1_46/mn_cdkcn_00-2_ani__att_status1_46_05.anim	candidates=1
mn_cdkcn_00-2_ani__att_status1_4_01	created	Assets/KamenAsset/KamenAnimClip/v1/DuplicatedFromFbx/Status/mn_cdkcn_00-2_status1_4/mn_cdkcn_00-2_ani__att_status1_4_01.anim	candidates=1
mn_cdkcn_00-2_ani__att_status1_4_02	created	Assets/KamenAsset/KamenAnimClip/v1/DuplicatedFromFbx/Status/mn_cdkcn_00-2_status1_4/mn_cdkcn_00-2_ani__att_status1_4_02.anim	candidates=1
mn_cdkcn_00-2_ani__att_status1_4_03	created	Assets/KamenAsset/KamenAnimClip/v1/DuplicatedFromFbx/Status/mn_cdkcn_00-2_status1_4/mn_cdkcn_00-2_ani__att_status1_4_03.anim	candidates=1
mn_cdkcn_00-2_ani__att_status1_4_04	created	Assets/KamenAsset/KamenAnimClip/v1/DuplicatedFromFbx/Status/mn_cdkcn_00-2_status1_4/mn_cdkcn_00-2_ani__att_status1_4_04.anim	candidates=1
mn_cdkcn_00-2_ani__att_status1_4_05	created	Assets/KamenAsset/KamenAnimClip/v1/DuplicatedFromFbx/Status/mn_cdkcn_00-2_status1_4/mn_cdkcn_00-2_ani__att_status1_4_05.anim	candidates=1
mn_cdkcn_00-2_ani__att_status1_4_06	created	Assets/KamenAsset/KamenAnimClip/v1/DuplicatedFromFbx/Status/mn_cdkcn_00-2_status1_4/mn_cdkcn_00-2_ani__att_status1_4_06.anim	candidates=1
mn_cdkcn_00-2_ani__att_status1_4_07	created	Assets/KamenAsset/KamenAnimClip/v1/DuplicatedFromFbx/Status/mn_cdkcn_00-2_status1_4/mn_cdkcn_00-2_ani__att_status1_4_07.anim	candidates=1
mn_cdkcn_00-2_ani__att_status1_4_08	created	Assets/KamenAsset/KamenAnimClip/v1/DuplicatedFromFbx/Status/mn_cdkcn_00-2_status1_4/mn_cdkcn_00-2_ani__att_status1_4_08.anim	candidates=1
mn_cdkcn_00-2_ani__att_status1_4_10	created	Assets/KamenAsset/KamenAnimClip/v1/DuplicatedFromFbx/Status/mn_cdkcn_00-2_status1_4/mn_cdkcn_00-2_ani__att_status1_4_10.anim	candidates=1
mn_cdkcn_00-2_ani__att_status1_4_11	created	Assets/KamenAsset/KamenAnimClip/v1/DuplicatedFromFbx/Status/mn_cdkcn_00-2_status1_4/mn_cdkcn_00-2_ani__att_status1_4_11.anim	candidates=1
mn_cdkcn_00-2_ani__att_status1_4_12	created	Assets/KamenAsset/KamenAnimClip/v1/DuplicatedFromFbx/Status/mn_cdkcn_00-2_status1_4/mn_cdkcn_00-2_ani__att_status1_4_12.anim	candidates=1
mn_cdkcn_00-2_ani__att_status1_4_13	created	Assets/KamenAsset/KamenAnimClip/v1/DuplicatedFromFbx/Status/mn_cdkcn_00-2_status1_4/mn_cdkcn_00-2_ani__att_status1_4_13.anim	candidates=1
mn_cdkcn_00-2_ani__att_status1_4_14	created	Assets/KamenAsset/KamenAnimClip/v1/DuplicatedFromFbx/Status/mn_cdkcn_00-2_status1_4/mn_cdkcn_00-2_ani__att_status1_4_14.anim	candidates=1
mn_cdkcn_00-2_ani__att_status1_5_01	created	Assets/KamenAsset/KamenAnimClip/v1/DuplicatedFromFbx/Status/mn_cdkcn_00-2_status1_5/mn_cdkcn_00-2_ani__att_status1_5_01.anim	candidates=1
mn_cdkcn_00-2_ani__att_status1_5_02	created	Assets/KamenAsset/KamenAnimClip/v1/DuplicatedFromFbx/Status/mn_cdkcn_00-2_status1_5/mn_cdkcn_00-2_ani__att_status1_5_02.anim	candidates=1
mn_cdkcn_00-2_ani__att_status1_5_03	created	Assets/KamenAsset/KamenAnimClip/v1/DuplicatedFromFbx/Status/mn_cdkcn_00-2_status1_5/mn_cdkcn_00-2_ani__att_status1_5_03.anim	candidates=1
mn_cdkcn_00-2_ani__att_status1_5_04	created	Assets/KamenAsset/KamenAnimClip/v1/DuplicatedFromFbx/Status/mn_cdkcn_00-2_status1_5/mn_cdkcn_00-2_ani__att_status1_5_04.anim	candidates=1
mn_cdkcn_00-2_ani__att_status1_5_05	created	Assets/KamenAsset/KamenAnimClip/v1/DuplicatedFromFbx/Status/mn_cdkcn_00-2_status1_5/mn_cdkcn_00-2_ani__att_status1_5_05.anim	candidates=1
mn_cdkcn_00-2_ani__att_status1_5_06	created	Assets/KamenAsset/KamenAnimClip/v1/DuplicatedFromFbx/Status/mn_cdkcn_00-2_status1_5/mn_cdkcn_00-2_ani__att_status1_5_06.anim	candidates=1
mn_cdkcn_00-2_ani__att_status1_5_07	created	Assets/KamenAsset/KamenAnimClip/v1/DuplicatedFromFbx/Status/mn_cdkcn_00-2_status1_5/mn_cdkcn_00-2_ani__att_status1_5_07.anim	candidates=1
mn_cdkcn_00-2_ani__att_status1_5_08	created	Assets/KamenAsset/KamenAnimClip/v1/DuplicatedFromFbx/Status/mn_cdkcn_00-2_status1_5/mn_cdkcn_00-2_ani__att_status1_5_08.anim	candidates=1
mn_cdkcn_00-2_ani__att_status1_5_09	created	Assets/KamenAsset/KamenAnimClip/v1/DuplicatedFromFbx/Status/mn_cdkcn_00-2_status1_5/mn_cdkcn_00-2_ani__att_status1_5_09.anim	candidates=1
mn_cdkcn_00-2_ani__att_status1_5_10	created	Assets/KamenAsset/KamenAnimClip/v1/DuplicatedFromFbx/Status/mn_cdkcn_00-2_status1_5/mn_cdkcn_00-2_ani__att_status1_5_10.anim	candidates=1
mn_cdkcn_00-2_ani__att_status1_8_01	created	Assets/KamenAsset/KamenAnimClip/v1/DuplicatedFromFbx/Status/mn_cdkcn_00-2_status1_8/mn_cdkcn_00-2_ani__att_status1_8_01.anim	candidates=1
mn_cdkcn_00-2_ani__att_status1_8_02	created	Assets/KamenAsset/KamenAnimClip/v1/DuplicatedFromFbx/Status/mn_cdkcn_00-2_status1_8/mn_cdkcn_00-2_ani__att_status1_8_02.anim	candidates=1
mn_cdkcn_00-2_ani__att_status1_8_03	created	Assets/KamenAsset/KamenAnimClip/v1/DuplicatedFromFbx/Status/mn_cdkcn_00-2_status1_8/mn_cdkcn_00-2_ani__att_status1_8_03.anim	candidates=1
mn_cdkcn_00-2_ani__att_status1_8_04	created	Assets/KamenAsset/KamenAnimClip/v1/DuplicatedFromFbx/Status/mn_cdkcn_00-2_status1_8/mn_cdkcn_00-2_ani__att_status1_8_04.anim	candidates=1
mn_cdkcn_00-2_ani__att_status1_8_05	created	Assets/KamenAsset/KamenAnimClip/v1/DuplicatedFromFbx/Status/mn_cdkcn_00-2_status1_8/mn_cdkcn_00-2_ani__att_status1_8_05.anim	candidates=1
mn_cdkcn_00-2_ani__att_status1_8_06	created	Assets/KamenAsset/KamenAnimClip/v1/DuplicatedFromFbx/Status/mn_cdkcn_00-2_status1_8/mn_cdkcn_00-2_ani__att_status1_8_06.anim	candidates=1
mn_cdkcn_00-2_ani__att_status1_8_07	created	Assets/KamenAsset/KamenAnimClip/v1/DuplicatedFromFbx/Status/mn_cdkcn_00-2_status1_8/mn_cdkcn_00-2_ani__att_status1_8_07.anim	candidates=1
mn_cdkcn_00-2_ani__idle_battle_1	created	Assets/KamenAsset/KamenAnimClip/v1/DuplicatedFromFbx/Idle/mn_cdkcn_00-2_idle_battle_1/mn_cdkcn_00-2_ani__idle_battle_1.anim	candidates=1
mn_cdkcn_00-2_ani__idle_normal_1	created	Assets/KamenAsset/KamenAnimClip/v1/DuplicatedFromFbx/Idle/mn_cdkcn_00-2_idle_1/mn_cdkcn_00-2_ani__idle_normal_1.anim	candidates=1
mn_cdkcn_00-2_ani__run_battle_1	created	Assets/KamenAsset/KamenAnimClip/v1/DuplicatedFromFbx/Run/mn_cdkcn_00-2_run_battle_1/mn_cdkcn_00-2_ani__run_battle_1.anim	candidates=1
mn_cdkcn_00-2_ani__walk_normal_1	created	Assets/KamenAsset/KamenAnimClip/v1/DuplicatedFromFbx/Walk/mn_cdkcn_00-2_walk_normal_1/mn_cdkcn_00-2_ani__walk_normal_1.anim	candidates=1
mn_cdkcn_00_ani__att_battle_10_01	created	Assets/KamenAsset/KamenAnimClip/v1/DuplicatedFromFbx/Battle/mn_cdkcn_00_battle_10/mn_cdkcn_00_ani__att_battle_10_01.anim	candidates=1
mn_cdkcn_00_ani__att_battle_10_02	created	Assets/KamenAsset/KamenAnimClip/v1/DuplicatedFromFbx/Battle/mn_cdkcn_00_battle_10/mn_cdkcn_00_ani__att_battle_10_02.anim	candidates=1
mn_cdkcn_00_ani__att_battle_11_01	created	Assets/KamenAsset/KamenAnimClip/v1/DuplicatedFromFbx/Battle/mn_cdkcn_00_battle_11/mn_cdkcn_00_ani__att_battle_11_01.anim	candidates=1
mn_cdkcn_00_ani__att_battle_11_02	created	Assets/KamenAsset/KamenAnimClip/v1/DuplicatedFromFbx/Battle/mn_cdkcn_00_battle_11/mn_cdkcn_00_ani__att_battle_11_02.anim	candidates=1
mn_cdkcn_00_ani__att_battle_11_03	created	Assets/KamenAsset/KamenAnimClip/v1/DuplicatedFromFbx/Battle/mn_cdkcn_00_battle_11/mn_cdkcn_00_ani__att_battle_11_03.anim	candidates=1
mn_cdkcn_00_ani__att_battle_12_01	created	Assets/KamenAsset/KamenAnimClip/v1/DuplicatedFromFbx/Battle/mn_cdkcn_00_battle_12/mn_cdkcn_00_ani__att_battle_12_01.anim	candidates=1
mn_cdkcn_00_ani__att_battle_12_02	created	Assets/KamenAsset/KamenAnimClip/v1/DuplicatedFromFbx/Battle/mn_cdkcn_00_battle_12/mn_cdkcn_00_ani__att_battle_12_02.anim	candidates=1
mn_cdkcn_00_ani__att_battle_12_03	created	Assets/KamenAsset/KamenAnimClip/v1/DuplicatedFromFbx/Battle/mn_cdkcn_00_battle_12/mn_cdkcn_00_ani__att_battle_12_03.anim	candidates=1
mn_cdkcn_00_ani__att_battle_13_01	created	Assets/KamenAsset/KamenAnimClip/v1/DuplicatedFromFbx/Battle/mn_cdkcn_00_battle_13/mn_cdkcn_00_ani__att_battle_13_01.anim	candidates=1
mn_cdkcn_00_ani__att_battle_14_01	created	Assets/KamenAsset/KamenAnimClip/v1/DuplicatedFromFbx/Battle/mn_cdkcn_00_battle_14/mn_cdkcn_00_ani__att_battle_14_01.anim	candidates=1
mn_cdkcn_00_ani__att_battle_14_02	created	Assets/KamenAsset/KamenAnimClip/v1/DuplicatedFromFbx/Battle/mn_cdkcn_00_battle_14/mn_cdkcn_00_ani__att_battle_14_02.anim	candidates=1
mn_cdkcn_00_ani__att_battle_14_03	created	Assets/KamenAsset/KamenAnimClip/v1/DuplicatedFromFbx/Battle/mn_cdkcn_00_battle_14/mn_cdkcn_00_ani__att_battle_14_03.anim	candidates=1
mn_cdkcn_00_ani__att_battle_14_04	created	Assets/KamenAsset/KamenAnimClip/v1/DuplicatedFromFbx/Battle/mn_cdkcn_00_battle_14/mn_cdkcn_00_ani__att_battle_14_04.anim	candidates=1
mn_cdkcn_00_ani__att_battle_15_01	created	Assets/KamenAsset/KamenAnimClip/v1/DuplicatedFromFbx/Battle/mn_cdkcn_00_battle_15/mn_cdkcn_00_ani__att_battle_15_01.anim	candidates=1
mn_cdkcn_00_ani__att_battle_15_02	created	Assets/KamenAsset/KamenAnimClip/v1/DuplicatedFromFbx/Battle/mn_cdkcn_00_battle_15/mn_cdkcn_00_ani__att_battle_15_02.anim	candidates=1
mn_cdkcn_00_ani__att_battle_15_03	created	Assets/KamenAsset/KamenAnimClip/v1/DuplicatedFromFbx/Battle/mn_cdkcn_00_battle_15/mn_cdkcn_00_ani__att_battle_15_03.anim	candidates=1
mn_cdkcn_00_ani__att_battle_16_01	created	Assets/KamenAsset/KamenAnimClip/v1/DuplicatedFromFbx/Battle/mn_cdkcn_00_battle_16/mn_cdkcn_00_ani__att_battle_16_01.anim	candidates=1
mn_cdkcn_00_ani__att_battle_16_02	created	Assets/KamenAsset/KamenAnimClip/v1/DuplicatedFromFbx/Battle/mn_cdkcn_00_battle_16/mn_cdkcn_00_ani__att_battle_16_02.anim	candidates=1
mn_cdkcn_00_ani__att_battle_16_03	created	Assets/KamenAsset/KamenAnimClip/v1/DuplicatedFromFbx/Battle/mn_cdkcn_00_battle_16/mn_cdkcn_00_ani__att_battle_16_03.anim	candidates=1
mn_cdkcn_00_ani__att_battle_17_01	created	Assets/KamenAsset/KamenAnimClip/v1/DuplicatedFromFbx/Battle/mn_cdkcn_00_battle_17/mn_cdkcn_00_ani__att_battle_17_01.anim	candidates=1
mn_cdkcn_00_ani__att_battle_17_02	created	Assets/KamenAsset/KamenAnimClip/v1/DuplicatedFromFbx/Battle/mn_cdkcn_00_battle_17/mn_cdkcn_00_ani__att_battle_17_02.anim	candidates=1
mn_cdkcn_00_ani__att_battle_18_01	created	Assets/KamenAsset/KamenAnimClip/v1/DuplicatedFromFbx/Battle/mn_cdkcn_00_battle_18/mn_cdkcn_00_ani__att_battle_18_01.anim	candidates=1
mn_cdkcn_00_ani__att_battle_18_02	created	Assets/KamenAsset/KamenAnimClip/v1/DuplicatedFromFbx/Battle/mn_cdkcn_00_battle_18/mn_cdkcn_00_ani__att_battle_18_02.anim	candidates=1
mn_cdkcn_00_ani__att_battle_18_03	created	Assets/KamenAsset/KamenAnimClip/v1/DuplicatedFromFbx/Battle/mn_cdkcn_00_battle_18/mn_cdkcn_00_ani__att_battle_18_03.anim	candidates=1
mn_cdkcn_00_ani__att_battle_1_01	created	Assets/KamenAsset/KamenAnimClip/v1/DuplicatedFromFbx/Battle/mn_cdkcn_00_battle_1/mn_cdkcn_00_ani__att_battle_1_01.anim	candidates=1
mn_cdkcn_00_ani__att_battle_1_02	created	Assets/KamenAsset/KamenAnimClip/v1/DuplicatedFromFbx/Battle/mn_cdkcn_00_battle_1/mn_cdkcn_00_ani__att_battle_1_02.anim	candidates=1
mn_cdkcn_00_ani__att_battle_2_01	created	Assets/KamenAsset/KamenAnimClip/v1/DuplicatedFromFbx/Battle/mn_cdkcn_00_battle_2/mn_cdkcn_00_ani__att_battle_2_01.anim	candidates=1
mn_cdkcn_00_ani__att_battle_3_01	created	Assets/KamenAsset/KamenAnimClip/v1/DuplicatedFromFbx/Battle/mn_cdkcn_00_battle_3/mn_cdkcn_00_ani__att_battle_3_01.anim	candidates=1
mn_cdkcn_00_ani__att_battle_3_02	created	Assets/KamenAsset/KamenAnimClip/v1/DuplicatedFromFbx/Battle/mn_cdkcn_00_battle_3/mn_cdkcn_00_ani__att_battle_3_02.anim	candidates=1
mn_cdkcn_00_ani__att_battle_3_03	created	Assets/KamenAsset/KamenAnimClip/v1/DuplicatedFromFbx/Battle/mn_cdkcn_00_battle_3/mn_cdkcn_00_ani__att_battle_3_03.anim	candidates=1
mn_cdkcn_00_ani__att_battle_4_01	created	Assets/KamenAsset/KamenAnimClip/v1/DuplicatedFromFbx/Battle/mn_cdkcn_00_battle_4/mn_cdkcn_00_ani__att_battle_4_01.anim	candidates=1
mn_cdkcn_00_ani__att_battle_4_02	created	Assets/KamenAsset/KamenAnimClip/v1/DuplicatedFromFbx/Battle/mn_cdkcn_00_battle_4/mn_cdkcn_00_ani__att_battle_4_02.anim	candidates=1
mn_cdkcn_00_ani__att_battle_4_03	created	Assets/KamenAsset/KamenAnimClip/v1/DuplicatedFromFbx/Battle/mn_cdkcn_00_battle_4/mn_cdkcn_00_ani__att_battle_4_03.anim	candidates=1
mn_cdkcn_00_ani__att_battle_5_01	created	Assets/KamenAsset/KamenAnimClip/v1/DuplicatedFromFbx/Battle/mn_cdkcn_00_battle_5/mn_cdkcn_00_ani__att_battle_5_01.anim	candidates=1
mn_cdkcn_00_ani__att_battle_5_02	created	Assets/KamenAsset/KamenAnimClip/v1/DuplicatedFromFbx/Battle/mn_cdkcn_00_battle_5/mn_cdkcn_00_ani__att_battle_5_02.anim	candidates=1
mn_cdkcn_00_ani__att_battle_5_03	created	Assets/KamenAsset/KamenAnimClip/v1/DuplicatedFromFbx/Battle/mn_cdkcn_00_battle_5/mn_cdkcn_00_ani__att_battle_5_03.anim	candidates=1
mn_cdkcn_00_ani__att_battle_6_01	created	Assets/KamenAsset/KamenAnimClip/v1/DuplicatedFromFbx/Battle/mn_cdkcn_00_battle_6/mn_cdkcn_00_ani__att_battle_6_01.anim	candidates=1
mn_cdkcn_00_ani__att_battle_6_02	created	Assets/KamenAsset/KamenAnimClip/v1/DuplicatedFromFbx/Battle/mn_cdkcn_00_battle_6/mn_cdkcn_00_ani__att_battle_6_02.anim	candidates=1
mn_cdkcn_00_ani__att_battle_6_03	created	Assets/KamenAsset/KamenAnimClip/v1/DuplicatedFromFbx/Battle/mn_cdkcn_00_battle_6/mn_cdkcn_00_ani__att_battle_6_03.anim	candidates=1
mn_cdkcn_00_ani__att_battle_7_01	created	Assets/KamenAsset/KamenAnimClip/v1/DuplicatedFromFbx/Battle/mn_cdkcn_00_battle_7/mn_cdkcn_00_ani__att_battle_7_01.anim	candidates=1
mn_cdkcn_00_ani__att_battle_7_02	created	Assets/KamenAsset/KamenAnimClip/v1/DuplicatedFromFbx/Battle/mn_cdkcn_00_battle_7/mn_cdkcn_00_ani__att_battle_7_02.anim	candidates=1
mn_cdkcn_00_ani__att_battle_7_03	created	Assets/KamenAsset/KamenAnimClip/v1/DuplicatedFromFbx/Battle/mn_cdkcn_00_battle_7/mn_cdkcn_00_ani__att_battle_7_03.anim	candidates=1
mn_cdkcn_00_ani__att_battle_8_01	created	Assets/KamenAsset/KamenAnimClip/v1/DuplicatedFromFbx/Battle/mn_cdkcn_00_battle_8/mn_cdkcn_00_ani__att_battle_8_01.anim	candidates=1
mn_cdkcn_00_ani__att_battle_8_02	created	Assets/KamenAsset/KamenAnimClip/v1/DuplicatedFromFbx/Battle/mn_cdkcn_00_battle_8/mn_cdkcn_00_ani__att_battle_8_02.anim	candidates=1
mn_cdkcn_00_ani__att_battle_8_03	created	Assets/KamenAsset/KamenAnimClip/v1/DuplicatedFromFbx/Battle/mn_cdkcn_00_battle_8/mn_cdkcn_00_ani__att_battle_8_03.anim	candidates=1
mn_cdkcn_00_ani__att_battle_8_04	created	Assets/KamenAsset/KamenAnimClip/v1/DuplicatedFromFbx/Battle/mn_cdkcn_00_battle_8/mn_cdkcn_00_ani__att_battle_8_04.anim	candidates=1
mn_cdkcn_00_ani__att_battle_8_05	created	Assets/KamenAsset/KamenAnimClip/v1/DuplicatedFromFbx/Battle/mn_cdkcn_00_battle_8/mn_cdkcn_00_ani__att_battle_8_05.anim	candidates=1
mn_cdkcn_00_ani__att_battle_8_06	created	Assets/KamenAsset/KamenAnimClip/v1/DuplicatedFromFbx/Battle/mn_cdkcn_00_battle_8/mn_cdkcn_00_ani__att_battle_8_06.anim	candidates=1
mn_cdkcn_00_ani__att_battle_8_07	created	Assets/KamenAsset/KamenAnimClip/v1/DuplicatedFromFbx/Battle/mn_cdkcn_00_battle_8/mn_cdkcn_00_ani__att_battle_8_07.anim	candidates=1
mn_cdkcn_00_ani__att_battle_8_08	created	Assets/KamenAsset/KamenAnimClip/v1/DuplicatedFromFbx/Battle/mn_cdkcn_00_battle_8/mn_cdkcn_00_ani__att_battle_8_08.anim	candidates=1
mn_cdkcn_00_ani__att_battle_8_09	created	Assets/KamenAsset/KamenAnimClip/v1/DuplicatedFromFbx/Battle/mn_cdkcn_00_battle_8/mn_cdkcn_00_ani__att_battle_8_09.anim	candidates=1
mn_cdkcn_00_ani__att_battle_8_10	created	Assets/KamenAsset/KamenAnimClip/v1/DuplicatedFromFbx/Battle/mn_cdkcn_00_battle_8/mn_cdkcn_00_ani__att_battle_8_10.anim	candidates=1
mn_cdkcn_00_ani__att_battle_8_11	created	Assets/KamenAsset/KamenAnimClip/v1/DuplicatedFromFbx/Battle/mn_cdkcn_00_battle_8/mn_cdkcn_00_ani__att_battle_8_11.anim	candidates=1
mn_cdkcn_00_ani__att_battle_9_01	created	Assets/KamenAsset/KamenAnimClip/v1/DuplicatedFromFbx/Battle/mn_cdkcn_00_battle_9/mn_cdkcn_00_ani__att_battle_9_01.anim	candidates=1
mn_cdkcn_00_ani__att_battle_9_02	created	Assets/KamenAsset/KamenAnimClip/v1/DuplicatedFromFbx/Battle/mn_cdkcn_00_battle_9/mn_cdkcn_00_ani__att_battle_9_02.anim	candidates=1
mn_cdkcn_00_ani__att_battle_9_03	created	Assets/KamenAsset/KamenAnimClip/v1/DuplicatedFromFbx/Battle/mn_cdkcn_00_battle_9/mn_cdkcn_00_ani__att_battle_9_03.anim	candidates=1
mn_cdkcn_00_ani__att_battle_9_04	created	Assets/KamenAsset/KamenAnimClip/v1/DuplicatedFromFbx/Battle/mn_cdkcn_00_battle_9/mn_cdkcn_00_ani__att_battle_9_04.anim	candidates=1
mn_cdkcn_00_ani__att_battle_9_05	created	Assets/KamenAsset/KamenAnimClip/v1/DuplicatedFromFbx/Battle/mn_cdkcn_00_battle_9/mn_cdkcn_00_ani__att_battle_9_05.anim	candidates=1
mn_cdkcn_00_ani__att_status1_10_01	created	Assets/KamenAsset/KamenAnimClip/v1/DuplicatedFromFbx/Status/mn_cdkcn_00_status1_10/mn_cdkcn_00_ani__att_status1_10_01.anim	candidates=1
mn_cdkcn_00_ani__att_status1_10_02	created	Assets/KamenAsset/KamenAnimClip/v1/DuplicatedFromFbx/Status/mn_cdkcn_00_status1_10/mn_cdkcn_00_ani__att_status1_10_02.anim	candidates=1
mn_cdkcn_00_ani__att_status1_10_03	created	Assets/KamenAsset/KamenAnimClip/v1/DuplicatedFromFbx/Status/mn_cdkcn_00_status1_10/mn_cdkcn_00_ani__att_status1_10_03.anim	candidates=1
mn_cdkcn_00_ani__att_status1_11_01	created	Assets/KamenAsset/KamenAnimClip/v1/DuplicatedFromFbx/Status/mn_cdkcn_00_status1_11/mn_cdkcn_00_ani__att_status1_11_01.anim	candidates=1
mn_cdkcn_00_ani__att_status1_11_02	created	Assets/KamenAsset/KamenAnimClip/v1/DuplicatedFromFbx/Status/mn_cdkcn_00_status1_11/mn_cdkcn_00_ani__att_status1_11_02.anim	candidates=1
mn_cdkcn_00_ani__att_status1_11_03	created	Assets/KamenAsset/KamenAnimClip/v1/DuplicatedFromFbx/Status/mn_cdkcn_00_status1_11/mn_cdkcn_00_ani__att_status1_11_03.anim	candidates=1
mn_cdkcn_00_ani__att_status1_11_04	created	Assets/KamenAsset/KamenAnimClip/v1/DuplicatedFromFbx/Status/mn_cdkcn_00_status1_11/mn_cdkcn_00_ani__att_status1_11_04.anim	candidates=1
mn_cdkcn_00_ani__att_status1_11_05	created	Assets/KamenAsset/KamenAnimClip/v1/DuplicatedFromFbx/Status/mn_cdkcn_00_status1_11/mn_cdkcn_00_ani__att_status1_11_05.anim	candidates=1
mn_cdkcn_00_ani__att_status1_11_06	created	Assets/KamenAsset/KamenAnimClip/v1/DuplicatedFromFbx/Status/mn_cdkcn_00_status1_11/mn_cdkcn_00_ani__att_status1_11_06.anim	candidates=1
mn_cdkcn_00_ani__att_status1_11_07	created	Assets/KamenAsset/KamenAnimClip/v1/DuplicatedFromFbx/Status/mn_cdkcn_00_status1_11/mn_cdkcn_00_ani__att_status1_11_07.anim	candidates=1
mn_cdkcn_00_ani__att_status1_11_08	created	Assets/KamenAsset/KamenAnimClip/v1/DuplicatedFromFbx/Status/mn_cdkcn_00_status1_11/mn_cdkcn_00_ani__att_status1_11_08.anim	candidates=1
mn_cdkcn_00_ani__att_status1_12_01	created	Assets/KamenAsset/KamenAnimClip/v1/DuplicatedFromFbx/Status/mn_cdkcn_00_status1_12/mn_cdkcn_00_ani__att_status1_12_01.anim	candidates=1
mn_cdkcn_00_ani__att_status1_13_01	created	Assets/KamenAsset/KamenAnimClip/v1/DuplicatedFromFbx/Status/mn_cdkcn_00_status1_13/mn_cdkcn_00_ani__att_status1_13_01.anim	candidates=1
mn_cdkcn_00_ani__att_status1_13_02	created	Assets/KamenAsset/KamenAnimClip/v1/DuplicatedFromFbx/Status/mn_cdkcn_00_status1_13/mn_cdkcn_00_ani__att_status1_13_02.anim	candidates=1
mn_cdkcn_00_ani__att_status1_14_01	created	Assets/KamenAsset/KamenAnimClip/v1/DuplicatedFromFbx/Status/mn_cdkcn_00_status1_14/mn_cdkcn_00_ani__att_status1_14_01.anim	candidates=1
mn_cdkcn_00_ani__att_status1_14_02	created	Assets/KamenAsset/KamenAnimClip/v1/DuplicatedFromFbx/Status/mn_cdkcn_00_status1_14/mn_cdkcn_00_ani__att_status1_14_02.anim	candidates=1
mn_cdkcn_00_ani__att_status1_15_01	created	Assets/KamenAsset/KamenAnimClip/v1/DuplicatedFromFbx/Status/mn_cdkcn_00_status1_15/mn_cdkcn_00_ani__att_status1_15_01.anim	candidates=1
mn_cdkcn_00_ani__att_status1_15_02	created	Assets/KamenAsset/KamenAnimClip/v1/DuplicatedFromFbx/Status/mn_cdkcn_00_status1_15/mn_cdkcn_00_ani__att_status1_15_02.anim	candidates=1
mn_cdkcn_00_ani__att_status1_15_03	created	Assets/KamenAsset/KamenAnimClip/v1/DuplicatedFromFbx/Status/mn_cdkcn_00_status1_15/mn_cdkcn_00_ani__att_status1_15_03.anim	candidates=1
mn_cdkcn_00_ani__att_status1_15_04	created	Assets/KamenAsset/KamenAnimClip/v1/DuplicatedFromFbx/Status/mn_cdkcn_00_status1_15/mn_cdkcn_00_ani__att_status1_15_04.anim	candidates=1
mn_cdkcn_00_ani__att_status1_16_01	created	Assets/KamenAsset/KamenAnimClip/v1/DuplicatedFromFbx/Status/mn_cdkcn_00_status1_16/mn_cdkcn_00_ani__att_status1_16_01.anim	candidates=1
mn_cdkcn_00_ani__att_status1_16_02	created	Assets/KamenAsset/KamenAnimClip/v1/DuplicatedFromFbx/Status/mn_cdkcn_00_status1_16/mn_cdkcn_00_ani__att_status1_16_02.anim	candidates=1
mn_cdkcn_00_ani__att_status1_16_03	created	Assets/KamenAsset/KamenAnimClip/v1/DuplicatedFromFbx/Status/mn_cdkcn_00_status1_16/mn_cdkcn_00_ani__att_status1_16_03.anim	candidates=1
mn_cdkcn_00_ani__att_status1_16_04	created	Assets/KamenAsset/KamenAnimClip/v1/DuplicatedFromFbx/Status/mn_cdkcn_00_status1_16/mn_cdkcn_00_ani__att_status1_16_04.anim	candidates=1
mn_cdkcn_00_ani__att_status1_16_05	created	Assets/KamenAsset/KamenAnimClip/v1/DuplicatedFromFbx/Status/mn_cdkcn_00_status1_16/mn_cdkcn_00_ani__att_status1_16_05.anim	candidates=1
mn_cdkcn_00_ani__att_status1_16_06	created	Assets/KamenAsset/KamenAnimClip/v1/DuplicatedFromFbx/Status/mn_cdkcn_00_status1_16/mn_cdkcn_00_ani__att_status1_16_06.anim	candidates=1
mn_cdkcn_00_ani__att_status1_16_07	created	Assets/KamenAsset/KamenAnimClip/v1/DuplicatedFromFbx/Status/mn_cdkcn_00_status1_16/mn_cdkcn_00_ani__att_status1_16_07.anim	candidates=1
mn_cdkcn_00_ani__att_status1_16_08	created	Assets/KamenAsset/KamenAnimClip/v1/DuplicatedFromFbx/Status/mn_cdkcn_00_status1_16/mn_cdkcn_00_ani__att_status1_16_08.anim	candidates=1
mn_cdkcn_00_ani__att_status1_16_09	created	Assets/KamenAsset/KamenAnimClip/v1/DuplicatedFromFbx/Status/mn_cdkcn_00_status1_16/mn_cdkcn_00_ani__att_status1_16_09.anim	candidates=1
mn_cdkcn_00_ani__att_status1_16_10	created	Assets/KamenAsset/KamenAnimClip/v1/DuplicatedFromFbx/Status/mn_cdkcn_00_status1_16/mn_cdkcn_00_ani__att_status1_16_10.anim	candidates=1
mn_cdkcn_00_ani__att_status1_16_11	created	Assets/KamenAsset/KamenAnimClip/v1/DuplicatedFromFbx/Status/mn_cdkcn_00_status1_16/mn_cdkcn_00_ani__att_status1_16_11.anim	candidates=1
mn_cdkcn_00_ani__att_status1_17_01	created	Assets/KamenAsset/KamenAnimClip/v1/DuplicatedFromFbx/Status/mn_cdkcn_00_status1_17/mn_cdkcn_00_ani__att_status1_17_01.anim	candidates=1
mn_cdkcn_00_ani__att_status1_17_02	created	Assets/KamenAsset/KamenAnimClip/v1/DuplicatedFromFbx/Status/mn_cdkcn_00_status1_17/mn_cdkcn_00_ani__att_status1_17_02.anim	candidates=1
mn_cdkcn_00_ani__att_status1_17_03	created	Assets/KamenAsset/KamenAnimClip/v1/DuplicatedFromFbx/Status/mn_cdkcn_00_status1_17/mn_cdkcn_00_ani__att_status1_17_03.anim	candidates=1
mn_cdkcn_00_ani__att_status1_17_04	created	Assets/KamenAsset/KamenAnimClip/v1/DuplicatedFromFbx/Status/mn_cdkcn_00_status1_17/mn_cdkcn_00_ani__att_status1_17_04.anim	candidates=1
mn_cdkcn_00_ani__att_status1_18_01	created	Assets/KamenAsset/KamenAnimClip/v1/DuplicatedFromFbx/Status/mn_cdkcn_00_status1_18/mn_cdkcn_00_ani__att_status1_18_01.anim	candidates=1
mn_cdkcn_00_ani__att_status1_18_02	created	Assets/KamenAsset/KamenAnimClip/v1/DuplicatedFromFbx/Status/mn_cdkcn_00_status1_18/mn_cdkcn_00_ani__att_status1_18_02.anim	candidates=1
mn_cdkcn_00_ani__att_status1_18_03	created	Assets/KamenAsset/KamenAnimClip/v1/DuplicatedFromFbx/Status/mn_cdkcn_00_status1_18/mn_cdkcn_00_ani__att_status1_18_03.anim	candidates=1
mn_cdkcn_00_ani__att_status1_18_04	created	Assets/KamenAsset/KamenAnimClip/v1/DuplicatedFromFbx/Status/mn_cdkcn_00_status1_18/mn_cdkcn_00_ani__att_status1_18_04.anim	candidates=1
mn_cdkcn_00_ani__att_status1_19_01	created	Assets/KamenAsset/KamenAnimClip/v1/DuplicatedFromFbx/Status/mn_cdkcn_00_status1_19/mn_cdkcn_00_ani__att_status1_19_01.anim	candidates=1
mn_cdkcn_00_ani__att_status1_1_01	created	Assets/KamenAsset/KamenAnimClip/v1/DuplicatedFromFbx/Status/mn_cdkcn_00_status1_1/mn_cdkcn_00_ani__att_status1_1_01.anim	candidates=1
mn_cdkcn_00_ani__att_status1_1_02	created	Assets/KamenAsset/KamenAnimClip/v1/DuplicatedFromFbx/Status/mn_cdkcn_00_status1_1/mn_cdkcn_00_ani__att_status1_1_02.anim	candidates=1
mn_cdkcn_00_ani__att_status1_1_03	created	Assets/KamenAsset/KamenAnimClip/v1/DuplicatedFromFbx/Status/mn_cdkcn_00_status1_1/mn_cdkcn_00_ani__att_status1_1_03.anim	candidates=1
mn_cdkcn_00_ani__att_status1_20_01	created	Assets/KamenAsset/KamenAnimClip/v1/DuplicatedFromFbx/Status/mn_cdkcn_00_status1_20/mn_cdkcn_00_ani__att_status1_20_01.anim	candidates=1
mn_cdkcn_00_ani__att_status1_20_02	created	Assets/KamenAsset/KamenAnimClip/v1/DuplicatedFromFbx/Status/mn_cdkcn_00_status1_20/mn_cdkcn_00_ani__att_status1_20_02.anim	candidates=1
mn_cdkcn_00_ani__att_status1_20_03	created	Assets/KamenAsset/KamenAnimClip/v1/DuplicatedFromFbx/Status/mn_cdkcn_00_status1_20/mn_cdkcn_00_ani__att_status1_20_03.anim	candidates=1
mn_cdkcn_00_ani__att_status1_21_01	created	Assets/KamenAsset/KamenAnimClip/v1/DuplicatedFromFbx/Status/mn_cdkcn_00_status1_21/mn_cdkcn_00_ani__att_status1_21_01.anim	candidates=1
mn_cdkcn_00_ani__att_status1_21_02	created	Assets/KamenAsset/KamenAnimClip/v1/DuplicatedFromFbx/Status/mn_cdkcn_00_status1_21/mn_cdkcn_00_ani__att_status1_21_02.anim	candidates=1
mn_cdkcn_00_ani__att_status1_21_03	created	Assets/KamenAsset/KamenAnimClip/v1/DuplicatedFromFbx/Status/mn_cdkcn_00_status1_21/mn_cdkcn_00_ani__att_status1_21_03.anim	candidates=1
mn_cdkcn_00_ani__att_status1_21_fx_1	created	Assets/KamenAsset/KamenAnimClip/v1/DuplicatedFromFbx/Status/mn_cdkcn_00_status1_21_1/mn_cdkcn_00_ani__att_status1_21_fx_1.anim	candidates=1
mn_cdkcn_00_ani__att_status1_21_fx_2	created	Assets/KamenAsset/KamenAnimClip/v1/DuplicatedFromFbx/Status/mn_cdkcn_00_status1_21_2/mn_cdkcn_00_ani__att_status1_21_fx_2.anim	candidates=1
mn_cdkcn_00_ani__att_status1_21_fx_3	created	Assets/KamenAsset/KamenAnimClip/v1/DuplicatedFromFbx/Status/mn_cdkcn_00_status1_21_3/mn_cdkcn_00_ani__att_status1_21_fx_3.anim	candidates=1
mn_cdkcn_00_ani__att_status1_22_01	created	Assets/KamenAsset/KamenAnimClip/v1/DuplicatedFromFbx/Status/mn_cdkcn_00_status1_22/mn_cdkcn_00_ani__att_status1_22_01.anim	candidates=1
mn_cdkcn_00_ani__att_status1_22_02	created	Assets/KamenAsset/KamenAnimClip/v1/DuplicatedFromFbx/Status/mn_cdkcn_00_status1_22/mn_cdkcn_00_ani__att_status1_22_02.anim	candidates=1
mn_cdkcn_00_ani__att_status1_22_03	created	Assets/KamenAsset/KamenAnimClip/v1/DuplicatedFromFbx/Status/mn_cdkcn_00_status1_22/mn_cdkcn_00_ani__att_status1_22_03.anim	candidates=1
mn_cdkcn_00_ani__att_status1_23_01	created	Assets/KamenAsset/KamenAnimClip/v1/DuplicatedFromFbx/Status/mn_cdkcn_00_status1_23/mn_cdkcn_00_ani__att_status1_23_01.anim	candidates=1
mn_cdkcn_00_ani__att_status1_23_02	created	Assets/KamenAsset/KamenAnimClip/v1/DuplicatedFromFbx/Status/mn_cdkcn_00_status1_23/mn_cdkcn_00_ani__att_status1_23_02.anim	candidates=1
mn_cdkcn_00_ani__att_status1_23_03	created	Assets/KamenAsset/KamenAnimClip/v1/DuplicatedFromFbx/Status/mn_cdkcn_00_status1_23/mn_cdkcn_00_ani__att_status1_23_03.anim	candidates=1
mn_cdkcn_00_ani__att_status1_23_04	created	Assets/KamenAsset/KamenAnimClip/v1/DuplicatedFromFbx/Status/mn_cdkcn_00_status1_23/mn_cdkcn_00_ani__att_status1_23_04.anim	candidates=1
mn_cdkcn_00_ani__att_status1_23_05	created	Assets/KamenAsset/KamenAnimClip/v1/DuplicatedFromFbx/Status/mn_cdkcn_00_status1_23/mn_cdkcn_00_ani__att_status1_23_05.anim	candidates=1
mn_cdkcn_00_ani__att_status1_23_06	created	Assets/KamenAsset/KamenAnimClip/v1/DuplicatedFromFbx/Status/mn_cdkcn_00_status1_23/mn_cdkcn_00_ani__att_status1_23_06.anim	candidates=1
mn_cdkcn_00_ani__att_status1_24_01	created	Assets/KamenAsset/KamenAnimClip/v1/DuplicatedFromFbx/Status/mn_cdkcn_00_status1_24/mn_cdkcn_00_ani__att_status1_24_01.anim	candidates=1
mn_cdkcn_00_ani__att_status1_24_02	created	Assets/KamenAsset/KamenAnimClip/v1/DuplicatedFromFbx/Status/mn_cdkcn_00_status1_24/mn_cdkcn_00_ani__att_status1_24_02.anim	candidates=1
mn_cdkcn_00_ani__att_status1_24_03	created	Assets/KamenAsset/KamenAnimClip/v1/DuplicatedFromFbx/Status/mn_cdkcn_00_status1_24/mn_cdkcn_00_ani__att_status1_24_03.anim	candidates=1
mn_cdkcn_00_ani__att_status1_25_01	created	Assets/KamenAsset/KamenAnimClip/v1/DuplicatedFromFbx/Status/mn_cdkcn_00_status1_25/mn_cdkcn_00_ani__att_status1_25_01.anim	candidates=1
mn_cdkcn_00_ani__att_status1_25_02	created	Assets/KamenAsset/KamenAnimClip/v1/DuplicatedFromFbx/Status/mn_cdkcn_00_status1_25/mn_cdkcn_00_ani__att_status1_25_02.anim	candidates=1
mn_cdkcn_00_ani__att_status1_25_03	created	Assets/KamenAsset/KamenAnimClip/v1/DuplicatedFromFbx/Status/mn_cdkcn_00_status1_25/mn_cdkcn_00_ani__att_status1_25_03.anim	candidates=1
mn_cdkcn_00_ani__att_status1_25_04	created	Assets/KamenAsset/KamenAnimClip/v1/DuplicatedFromFbx/Status/mn_cdkcn_00_status1_25/mn_cdkcn_00_ani__att_status1_25_04.anim	candidates=1
mn_cdkcn_00_ani__att_status1_26_01	created	Assets/KamenAsset/KamenAnimClip/v1/DuplicatedFromFbx/Status/mn_cdkcn_00_status1_26/mn_cdkcn_00_ani__att_status1_26_01.anim	candidates=1
mn_cdkcn_00_ani__att_status1_26_02	created	Assets/KamenAsset/KamenAnimClip/v1/DuplicatedFromFbx/Status/mn_cdkcn_00_status1_26/mn_cdkcn_00_ani__att_status1_26_02.anim	candidates=1
mn_cdkcn_00_ani__att_status1_26_03	created	Assets/KamenAsset/KamenAnimClip/v1/DuplicatedFromFbx/Status/mn_cdkcn_00_status1_26/mn_cdkcn_00_ani__att_status1_26_03.anim	candidates=1
mn_cdkcn_00_ani__att_status1_27_01	created	Assets/KamenAsset/KamenAnimClip/v1/DuplicatedFromFbx/Status/mn_cdkcn_00_status1_27/mn_cdkcn_00_ani__att_status1_27_01.anim	candidates=1
mn_cdkcn_00_ani__att_status1_27_02	created	Assets/KamenAsset/KamenAnimClip/v1/DuplicatedFromFbx/Status/mn_cdkcn_00_status1_27/mn_cdkcn_00_ani__att_status1_27_02.anim	candidates=1
mn_cdkcn_00_ani__att_status1_27_03	created	Assets/KamenAsset/KamenAnimClip/v1/DuplicatedFromFbx/Status/mn_cdkcn_00_status1_27/mn_cdkcn_00_ani__att_status1_27_03.anim	candidates=1
mn_cdkcn_00_ani__att_status1_28_01	created	Assets/KamenAsset/KamenAnimClip/v1/DuplicatedFromFbx/Status/mn_cdkcn_00_status1_28/mn_cdkcn_00_ani__att_status1_28_01.anim	candidates=1
mn_cdkcn_00_ani__att_status1_28_02	created	Assets/KamenAsset/KamenAnimClip/v1/DuplicatedFromFbx/Status/mn_cdkcn_00_status1_28/mn_cdkcn_00_ani__att_status1_28_02.anim	candidates=1
mn_cdkcn_00_ani__att_status1_28_03	created	Assets/KamenAsset/KamenAnimClip/v1/DuplicatedFromFbx/Status/mn_cdkcn_00_status1_28/mn_cdkcn_00_ani__att_status1_28_03.anim	candidates=1
mn_cdkcn_00_ani__att_status1_46_01	created	Assets/KamenAsset/KamenAnimClip/v1/DuplicatedFromFbx/Status/mn_cdkcn_00_status1_46/mn_cdkcn_00_ani__att_status1_46_01.anim	candidates=1
mn_cdkcn_00_ani__att_status1_46_02	created	Assets/KamenAsset/KamenAnimClip/v1/DuplicatedFromFbx/Status/mn_cdkcn_00_status1_46/mn_cdkcn_00_ani__att_status1_46_02.anim	candidates=1
mn_cdkcn_00_ani__att_status1_46_03	created	Assets/KamenAsset/KamenAnimClip/v1/DuplicatedFromFbx/Status/mn_cdkcn_00_status1_46/mn_cdkcn_00_ani__att_status1_46_03.anim	candidates=1
mn_cdkcn_00_ani__att_status1_46_04	created	Assets/KamenAsset/KamenAnimClip/v1/DuplicatedFromFbx/Status/mn_cdkcn_00_status1_46/mn_cdkcn_00_ani__att_status1_46_04.anim	candidates=1
mn_cdkcn_00_ani__att_status1_46_05	created	Assets/KamenAsset/KamenAnimClip/v1/DuplicatedFromFbx/Status/mn_cdkcn_00_status1_46/mn_cdkcn_00_ani__att_status1_46_05.anim	candidates=1
mn_cdkcn_00_ani__att_status1_4_01	created	Assets/KamenAsset/KamenAnimClip/v1/DuplicatedFromFbx/Status/mn_cdkcn_00_status1_4/mn_cdkcn_00_ani__att_status1_4_01.anim	candidates=1
mn_cdkcn_00_ani__att_status1_4_02	created	Assets/KamenAsset/KamenAnimClip/v1/DuplicatedFromFbx/Status/mn_cdkcn_00_status1_4/mn_cdkcn_00_ani__att_status1_4_02.anim	candidates=1
mn_cdkcn_00_ani__att_status1_4_03	created	Assets/KamenAsset/KamenAnimClip/v1/DuplicatedFromFbx/Status/mn_cdkcn_00_status1_4/mn_cdkcn_00_ani__att_status1_4_03.anim	candidates=1
mn_cdkcn_00_ani__att_status1_4_04	created	Assets/KamenAsset/KamenAnimClip/v1/DuplicatedFromFbx/Status/mn_cdkcn_00_status1_4/mn_cdkcn_00_ani__att_status1_4_04.anim	candidates=1
mn_cdkcn_00_ani__att_status1_4_05	created	Assets/KamenAsset/KamenAnimClip/v1/DuplicatedFromFbx/Status/mn_cdkcn_00_status1_4/mn_cdkcn_00_ani__att_status1_4_05.anim	candidates=1
mn_cdkcn_00_ani__att_status1_4_06	created	Assets/KamenAsset/KamenAnimClip/v1/DuplicatedFromFbx/Status/mn_cdkcn_00_status1_4/mn_cdkcn_00_ani__att_status1_4_06.anim	candidates=1
mn_cdkcn_00_ani__att_status1_4_07	created	Assets/KamenAsset/KamenAnimClip/v1/DuplicatedFromFbx/Status/mn_cdkcn_00_status1_4/mn_cdkcn_00_ani__att_status1_4_07.anim	candidates=1
mn_cdkcn_00_ani__att_status1_4_08	created	Assets/KamenAsset/KamenAnimClip/v1/DuplicatedFromFbx/Status/mn_cdkcn_00_status1_4/mn_cdkcn_00_ani__att_status1_4_08.anim	candidates=1
mn_cdkcn_00_ani__att_status1_4_10	created	Assets/KamenAsset/KamenAnimClip/v1/DuplicatedFromFbx/Status/mn_cdkcn_00_status1_4/mn_cdkcn_00_ani__att_status1_4_10.anim	candidates=1
mn_cdkcn_00_ani__att_status1_4_11	created	Assets/KamenAsset/KamenAnimClip/v1/DuplicatedFromFbx/Status/mn_cdkcn_00_status1_4/mn_cdkcn_00_ani__att_status1_4_11.anim	candidates=1
mn_cdkcn_00_ani__att_status1_4_12	created	Assets/KamenAsset/KamenAnimClip/v1/DuplicatedFromFbx/Status/mn_cdkcn_00_status1_4/mn_cdkcn_00_ani__att_status1_4_12.anim	candidates=1
mn_cdkcn_00_ani__att_status1_4_13	created	Assets/KamenAsset/KamenAnimClip/v1/DuplicatedFromFbx/Status/mn_cdkcn_00_status1_4/mn_cdkcn_00_ani__att_status1_4_13.anim	candidates=1
mn_cdkcn_00_ani__att_status1_4_14	created	Assets/KamenAsset/KamenAnimClip/v1/DuplicatedFromFbx/Status/mn_cdkcn_00_status1_4/mn_cdkcn_00_ani__att_status1_4_14.anim	candidates=1
mn_cdkcn_00_ani__att_status1_5_01	created	Assets/KamenAsset/KamenAnimClip/v1/DuplicatedFromFbx/Status/mn_cdkcn_00_status1_5/mn_cdkcn_00_ani__att_status1_5_01.anim	candidates=1
mn_cdkcn_00_ani__att_status1_5_02	created	Assets/KamenAsset/KamenAnimClip/v1/DuplicatedFromFbx/Status/mn_cdkcn_00_status1_5/mn_cdkcn_00_ani__att_status1_5_02.anim	candidates=1
mn_cdkcn_00_ani__att_status1_5_03	created	Assets/KamenAsset/KamenAnimClip/v1/DuplicatedFromFbx/Status/mn_cdkcn_00_status1_5/mn_cdkcn_00_ani__att_status1_5_03.anim	candidates=1
mn_cdkcn_00_ani__att_status1_5_04	created	Assets/KamenAsset/KamenAnimClip/v1/DuplicatedFromFbx/Status/mn_cdkcn_00_status1_5/mn_cdkcn_00_ani__att_status1_5_04.anim	candidates=1
mn_cdkcn_00_ani__att_status1_5_05	created	Assets/KamenAsset/KamenAnimClip/v1/DuplicatedFromFbx/Status/mn_cdkcn_00_status1_5/mn_cdkcn_00_ani__att_status1_5_05.anim	candidates=1
mn_cdkcn_00_ani__att_status1_5_06	created	Assets/KamenAsset/KamenAnimClip/v1/DuplicatedFromFbx/Status/mn_cdkcn_00_status1_5/mn_cdkcn_00_ani__att_status1_5_06.anim	candidates=1
mn_cdkcn_00_ani__att_status1_5_07	created	Assets/KamenAsset/KamenAnimClip/v1/DuplicatedFromFbx/Status/mn_cdkcn_00_status1_5/mn_cdkcn_00_ani__att_status1_5_07.anim	candidates=1
mn_cdkcn_00_ani__att_status1_5_08	created	Assets/KamenAsset/KamenAnimClip/v1/DuplicatedFromFbx/Status/mn_cdkcn_00_status1_5/mn_cdkcn_00_ani__att_status1_5_08.anim	candidates=1
mn_cdkcn_00_ani__att_status1_5_09	created	Assets/KamenAsset/KamenAnimClip/v1/DuplicatedFromFbx/Status/mn_cdkcn_00_status1_5/mn_cdkcn_00_ani__att_status1_5_09.anim	candidates=1
mn_cdkcn_00_ani__att_status1_5_10	created	Assets/KamenAsset/KamenAnimClip/v1/DuplicatedFromFbx/Status/mn_cdkcn_00_status1_5/mn_cdkcn_00_ani__att_status1_5_10.anim	candidates=1
mn_cdkcn_00_ani__att_status1_6_01	created	Assets/KamenAsset/KamenAnimClip/v1/DuplicatedFromFbx/Status/mn_cdkcn_00_status1_6/mn_cdkcn_00_ani__att_status1_6_01.anim	candidates=1
mn_cdkcn_00_ani__att_status1_6_02	created	Assets/KamenAsset/KamenAnimClip/v1/DuplicatedFromFbx/Status/mn_cdkcn_00_status1_6/mn_cdkcn_00_ani__att_status1_6_02.anim	candidates=1
mn_cdkcn_00_ani__att_status1_6_03	created	Assets/KamenAsset/KamenAnimClip/v1/DuplicatedFromFbx/Status/mn_cdkcn_00_status1_6/mn_cdkcn_00_ani__att_status1_6_03.anim	candidates=1
mn_cdkcn_00_ani__att_status1_6_04	created	Assets/KamenAsset/KamenAnimClip/v1/DuplicatedFromFbx/Status/mn_cdkcn_00_status1_6/mn_cdkcn_00_ani__att_status1_6_04.anim	candidates=1
mn_cdkcn_00_ani__att_status1_7_01	created	Assets/KamenAsset/KamenAnimClip/v1/DuplicatedFromFbx/Status/mn_cdkcn_00_status1_7/mn_cdkcn_00_ani__att_status1_7_01.anim	candidates=1
mn_cdkcn_00_ani__att_status1_8_01	created	Assets/KamenAsset/KamenAnimClip/v1/DuplicatedFromFbx/Status/mn_cdkcn_00_status1_8/mn_cdkcn_00_ani__att_status1_8_01.anim	candidates=1
mn_cdkcn_00_ani__att_status1_8_02	created	Assets/KamenAsset/KamenAnimClip/v1/DuplicatedFromFbx/Status/mn_cdkcn_00_status1_8/mn_cdkcn_00_ani__att_status1_8_02.anim	candidates=1
mn_cdkcn_00_ani__att_status1_8_03	created	Assets/KamenAsset/KamenAnimClip/v1/DuplicatedFromFbx/Status/mn_cdkcn_00_status1_8/mn_cdkcn_00_ani__att_status1_8_03.anim	candidates=1
mn_cdkcn_00_ani__att_status1_8_04	created	Assets/KamenAsset/KamenAnimClip/v1/DuplicatedFromFbx/Status/mn_cdkcn_00_status1_8/mn_cdkcn_00_ani__att_status1_8_04.anim	candidates=1
mn_cdkcn_00_ani__att_status1_8_05	created	Assets/KamenAsset/KamenAnimClip/v1/DuplicatedFromFbx/Status/mn_cdkcn_00_status1_8/mn_cdkcn_00_ani__att_status1_8_05.anim	candidates=1
mn_cdkcn_00_ani__att_status1_8_06	created	Assets/KamenAsset/KamenAnimClip/v1/DuplicatedFromFbx/Status/mn_cdkcn_00_status1_8/mn_cdkcn_00_ani__att_status1_8_06.anim	candidates=1
mn_cdkcn_00_ani__att_status1_8_07	created	Assets/KamenAsset/KamenAnimClip/v1/DuplicatedFromFbx/Status/mn_cdkcn_00_status1_8/mn_cdkcn_00_ani__att_status1_8_07.anim	candidates=1
mn_cdkcn_00_ani__att_status1_9_01	created	Assets/KamenAsset/KamenAnimClip/v1/DuplicatedFromFbx/Status/mn_cdkcn_00_status1_9/mn_cdkcn_00_ani__att_status1_9_01.anim	candidates=1
mn_cdkcn_00_ani__att_status1_9_02	created	Assets/KamenAsset/KamenAnimClip/v1/DuplicatedFromFbx/Status/mn_cdkcn_00_status1_9/mn_cdkcn_00_ani__att_status1_9_02.anim	candidates=1
mn_cdkcn_00_ani__att_status1_9_03	created	Assets/KamenAsset/KamenAnimClip/v1/DuplicatedFromFbx/Status/mn_cdkcn_00_status1_9/mn_cdkcn_00_ani__att_status1_9_03.anim	candidates=1
mn_cdkcn_00_ani__att_status2_1_01	created	Assets/KamenAsset/KamenAnimClip/v1/DuplicatedFromFbx/Status/mn_cdkcn_00_status2_1/mn_cdkcn_00_ani__att_status2_1_01.anim	candidates=1
mn_cdkcn_00_ani__att_status2_1_02	created	Assets/KamenAsset/KamenAnimClip/v1/DuplicatedFromFbx/Status/mn_cdkcn_00_status2_1/mn_cdkcn_00_ani__att_status2_1_02.anim	candidates=1
mn_cdkcn_00_ani__dmg_critical_end_1	created	Assets/KamenAsset/KamenAnimClip/v1/DuplicatedFromFbx/Dmg/mn_cdkcn_00_dmg_critical_1/mn_cdkcn_00_ani__dmg_critical_end_1.anim	candidates=1
mn_cdkcn_00_ani__dmg_critical_loop_1	created	Assets/KamenAsset/KamenAnimClip/v1/DuplicatedFromFbx/Dmg/mn_cdkcn_00_dmg_critical_1/mn_cdkcn_00_ani__dmg_critical_loop_1.anim	candidates=1
mn_cdkcn_00_ani__dmg_critical_start_1	created	Assets/KamenAsset/KamenAnimClip/v1/DuplicatedFromFbx/Dmg/mn_cdkcn_00_dmg_critical_1/mn_cdkcn_00_ani__dmg_critical_start_1.anim	candidates=1
mn_cdkcn_00_ani__evt1_backgroundimg_1	created	Assets/KamenAsset/KamenAnimClip/v1/DuplicatedFromFbx/Evt1/mn_cdkcn_00_evt1_backgroundimg_1/mn_cdkcn_00_ani__evt1_backgroundimg_1.anim	candidates=1
mn_cdkcn_00_ani__idle_battle_1	created	Assets/KamenAsset/KamenAnimClip/v1/DuplicatedFromFbx/Idle/mn_cdkcn_00_idle_battle_1/mn_cdkcn_00_ani__idle_battle_1.anim	candidates=1
mn_cdkcn_00_ani__idle_normal_1	created	Assets/KamenAsset/KamenAnimClip/v1/DuplicatedFromFbx/Idle/mn_cdkcn_00_idle_1/mn_cdkcn_00_ani__idle_normal_1.anim	candidates=1
mn_cdkcn_00_ani__idle_status1_end_1	created	Assets/KamenAsset/KamenAnimClip/v1/DuplicatedFromFbx/Idle/mn_cdkcn_00_idle_status1_1/mn_cdkcn_00_ani__idle_status1_end_1.anim	candidates=1
mn_cdkcn_00_ani__idle_status1_loop_1	created	Assets/KamenAsset/KamenAnimClip/v1/DuplicatedFromFbx/Idle/mn_cdkcn_00_idle_status1_1/mn_cdkcn_00_ani__idle_status1_loop_1.anim	candidates=1
mn_cdkcn_00_ani__idle_status1_start_1	created	Assets/KamenAsset/KamenAnimClip/v1/DuplicatedFromFbx/Idle/mn_cdkcn_00_idle_status1_1/mn_cdkcn_00_ani__idle_status1_start_1.anim	candidates=1
mn_cdkcn_00_ani__idle_status2_loop_1	created	Assets/KamenAsset/KamenAnimClip/v1/DuplicatedFromFbx/Idle/mn_cdkcn_00_idle_status2_1/mn_cdkcn_00_ani__idle_status2_loop_1.anim	candidates=1
mn_cdkcn_00_ani__idle_status2_normal_1	created	Assets/KamenAsset/KamenAnimClip/v1/DuplicatedFromFbx/Idle/mn_cdkcn_00_idle_status2_1/mn_cdkcn_00_ani__idle_status2_normal_1.anim	candidates=1
mn_cdkcn_00_ani__idle_status3_loop_1	created	Assets/KamenAsset/KamenAnimClip/v1/DuplicatedFromFbx/Idle/mn_cdkcn_00_idle_status3_1/mn_cdkcn_00_ani__idle_status3_loop_1.anim	candidates=1
mn_cdkcn_00_ani__run_battle_1	created	Assets/KamenAsset/KamenAnimClip/v1/DuplicatedFromFbx/Run/mn_cdkcn_00_run_battle_1/mn_cdkcn_00_ani__run_battle_1.anim	candidates=1
mn_cdkcn_00_ani__run_status1_1	created	Assets/KamenAsset/KamenAnimClip/v1/DuplicatedFromFbx/Run/mn_cdkcn_00_run_status1_1/mn_cdkcn_00_ani__run_status1_1.anim	candidates=1
mn_cdkcn_00_ani__turn_l_battle	created	Assets/KamenAsset/KamenAnimClip/v1/DuplicatedFromFbx/Turn/mn_cdkcn_00_turn_l_battle/mn_cdkcn_00_ani__turn_l_battle.anim	candidates=1
mn_cdkcn_00_ani__turn_l_status1	created	Assets/KamenAsset/KamenAnimClip/v1/DuplicatedFromFbx/Turn/mn_cdkcn_00_turn_l_status1/mn_cdkcn_00_ani__turn_l_status1.anim	candidates=1
mn_cdkcn_00_ani__turn_r_battle	created	Assets/KamenAsset/KamenAnimClip/v1/DuplicatedFromFbx/Turn/mn_cdkcn_00_turn_r_battle/mn_cdkcn_00_ani__turn_r_battle.anim	candidates=1
mn_cdkcn_00_ani__turn_r_status1	created	Assets/KamenAsset/KamenAnimClip/v1/DuplicatedFromFbx/Turn/mn_cdkcn_00_turn_r_status1/mn_cdkcn_00_ani__turn_r_status1.anim	candidates=1
mn_cdkcn_00_ani__walk_normal_1	created	Assets/KamenAsset/KamenAnimClip/v1/DuplicatedFromFbx/Walk/mn_cdkcn_00_walk_normal_1/mn_cdkcn_00_ani__walk_normal_1.anim	candidates=1
mn_cdkcn_00_ani__walk_status1_1	created	Assets/KamenAsset/KamenAnimClip/v1/DuplicatedFromFbx/Walk/mn_cdkcn_00_walk_status1_1/mn_cdkcn_00_ani__walk_status1_1.anim	candidates=1
mn_cdkcn_00_evt2_ani__evt2_cdkcn_attack_01	created	Assets/KamenAsset/KamenAnimClip/v1/DuplicatedFromFbx/Evt2/mn_cdkcn_00_evt2_evt2_cdkcn_attack_01/mn_cdkcn_00_evt2_ani__evt2_cdkcn_attack_01.anim	candidates=1
mn_cdkcn_00_evt2_ani__evt2_cdkcn_hit_01	created	Assets/KamenAsset/KamenAnimClip/v1/DuplicatedFromFbx/Evt2/mn_cdkcn_00_evt2_evt2_cdkcn_hit_01/mn_cdkcn_00_evt2_ani__evt2_cdkcn_hit_01.anim	candidates=1
mn_cdkcn_00_evt2_ani__evt2_cdkcn_idle_1_01	created	Assets/KamenAsset/KamenAnimClip/v1/DuplicatedFromFbx/Evt2/mn_cdkcn_00_evt2_evt2_cdkcn_idle_1_01/mn_cdkcn_00_evt2_ani__evt2_cdkcn_idle_1_01.anim	candidates=1
mn_cdkcn_00_evt2_ani__evt2_cdkcn_idle_2_01	created	Assets/KamenAsset/KamenAnimClip/v1/DuplicatedFromFbx/Evt2/mn_cdkcn_00_evt2_evt2_cdkcn_idle_2_01/mn_cdkcn_00_evt2_ani__evt2_cdkcn_idle_2_01.anim	candidates=1
mn_cdkcn_00_evt2_ani__evt2_cdkcn_idle_3_01	created	Assets/KamenAsset/KamenAnimClip/v1/DuplicatedFromFbx/Evt2/mn_cdkcn_00_evt2_evt2_cdkcn_idle_3_01/mn_cdkcn_00_evt2_ani__evt2_cdkcn_idle_3_01.anim	candidates=1
mn_cdkcn_00_evt2_ani__evt2_cdkcn_jump_01	created	Assets/KamenAsset/KamenAnimClip/v1/DuplicatedFromFbx/Evt2/mn_cdkcn_00_evt2_evt2_cdkcn_jump_01/mn_cdkcn_00_evt2_ani__evt2_cdkcn_jump_01.anim	candidates=1
mn_cdkcn_00_evt2_ani__evt2_cdkcn_land_01	created	Assets/KamenAsset/KamenAnimClip/v1/DuplicatedFromFbx/Evt2/mn_cdkcn_00_evt2_evt2_cdkcn_land_01/mn_cdkcn_00_evt2_ani__evt2_cdkcn_land_01.anim	candidates=1
mn_cdkcn_00_evt2_ani__evt2_cdkcn_lookback_01	created	Assets/KamenAsset/KamenAnimClip/v1/DuplicatedFromFbx/Evt2/mn_cdkcn_00_evt2_evt2_cdkcn_lookback_01/mn_cdkcn_00_evt2_ani__evt2_cdkcn_lookback_01.anim	candidates=1
mn_cdkcn_00_evt2_ani__evt2_cdkcn_magic_2_01	created	Assets/KamenAsset/KamenAnimClip/v1/DuplicatedFromFbx/Evt2/mn_cdkcn_00_evt2_evt2_cdkcn_magic_2_01/mn_cdkcn_00_evt2_ani__evt2_cdkcn_magic_2_01.anim	candidates=1
mn_cdkcn_00_evt2_ani__evt2_cdkcn_magic_2_loop_01	created	Assets/KamenAsset/KamenAnimClip/v1/DuplicatedFromFbx/Evt2/mn_cdkcn_00_evt2_evt2_cdkcn_magic_2_01/mn_cdkcn_00_evt2_ani__evt2_cdkcn_magic_2_loop_01.anim	candidates=1
mn_cdkcn_00_evt2_ani__evt2_cdkcn_magic_2_loop_02	created	Assets/KamenAsset/KamenAnimClip/v1/DuplicatedFromFbx/Evt2/mn_cdkcn_00_evt2_evt2_cdkcn_magic_2_02/mn_cdkcn_00_evt2_ani__evt2_cdkcn_magic_2_loop_02.anim	candidates=1
mn_cdkcn_00_evt2_ani__evt2_cdkcn_magic_loop_01	created	Assets/KamenAsset/KamenAnimClip/v1/DuplicatedFromFbx/Evt2/mn_cdkcn_00_evt2_evt2_cdkcn_magic_01/mn_cdkcn_00_evt2_ani__evt2_cdkcn_magic_loop_01.anim	candidates=1
mn_cdkcn_00_evt2_ani__evt2_cdkcn_magic_start_01	created	Assets/KamenAsset/KamenAnimClip/v1/DuplicatedFromFbx/Evt2/mn_cdkcn_00_evt2_evt2_cdkcn_magic_01/mn_cdkcn_00_evt2_ani__evt2_cdkcn_magic_start_01.anim	candidates=1
mn_cdkcn_00_evt2_ani__evt2_cdkcn_portal_01	created	Assets/KamenAsset/KamenAnimClip/v1/DuplicatedFromFbx/Evt2/mn_cdkcn_00_evt2_evt2_cdkcn_portal_01/mn_cdkcn_00_evt2_ani__evt2_cdkcn_portal_01.anim	candidates=1
mn_cdkcn_00_evt2_ani__evt2_cdkcn_sit_idle_01	created	Assets/KamenAsset/KamenAnimClip/v1/DuplicatedFromFbx/Evt2/mn_cdkcn_00_evt2_evt2_cdkcn_sit_idle_01/mn_cdkcn_00_evt2_ani__evt2_cdkcn_sit_idle_01.anim	candidates=1
mn_cdkcn_00_evt2_ani__evt2_cdkcn_sit_loop_01	created	Assets/KamenAsset/KamenAnimClip/v1/DuplicatedFromFbx/Evt2/mn_cdkcn_00_evt2_evt2_cdkcn_sit_01/mn_cdkcn_00_evt2_ani__evt2_cdkcn_sit_loop_01.anim	candidates=1
mn_cdkcn_00_evt2_ani__evt2_cdkcn_sit_magic_01	created	Assets/KamenAsset/KamenAnimClip/v1/DuplicatedFromFbx/Evt2/mn_cdkcn_00_evt2_evt2_cdkcn_sit_magic_01/mn_cdkcn_00_evt2_ani__evt2_cdkcn_sit_magic_01.anim	candidates=1
mn_cdkcn_00_evt2_ani__evt2_cdkcn_sky_attack_loop_01	created	Assets/KamenAsset/KamenAnimClip/v1/DuplicatedFromFbx/Evt2/mn_cdkcn_00_evt2_evt2_cdkcn_sky_attack_01/mn_cdkcn_00_evt2_ani__evt2_cdkcn_sky_attack_loop_01.anim	candidates=1
mn_cdkcn_00_evt2_ani__evt2_cdkcn_sky_attack_start_01	created	Assets/KamenAsset/KamenAnimClip/v1/DuplicatedFromFbx/Evt2/mn_cdkcn_00_evt2_evt2_cdkcn_sky_attack_01/mn_cdkcn_00_evt2_ani__evt2_cdkcn_sky_attack_start_01.anim	candidates=1
mn_cdkcn_00_evt2_ani__evt2_hld01	created	Assets/KamenAsset/KamenAnimClip/v1/DuplicatedFromFbx/Evt2/mn_cdkcn_00_evt2_evt2_hld01/mn_cdkcn_00_evt2_ani__evt2_hld01.anim	candidates=1
mn_cdkcn_00_evt2_ani__evt2_hld02	created	Assets/KamenAsset/KamenAnimClip/v1/DuplicatedFromFbx/Evt2/mn_cdkcn_00_evt2_evt2_hld02/mn_cdkcn_00_evt2_ani__evt2_hld02.anim	candidates=1
mn_cdkcn_00_evt2_ani__evt2_str01	created	Assets/KamenAsset/KamenAnimClip/v1/DuplicatedFromFbx/Evt2/mn_cdkcn_00_evt2_evt2_str01/mn_cdkcn_00_evt2_ani__evt2_str01.anim	candidates=1
mn_cdkcn_00_evt2_ani__evt2_str02	created	Assets/KamenAsset/KamenAnimClip/v1/DuplicatedFromFbx/Evt2/mn_cdkcn_00_evt2_evt2_str02/mn_cdkcn_00_evt2_ani__evt2_str02.anim	candidates=1
mn_cdkcn_00_evt2_ani__evt2_str03	created	Assets/KamenAsset/KamenAnimClip/v1/DuplicatedFromFbx/Evt2/mn_cdkcn_00_evt2_evt2_str03/mn_cdkcn_00_evt2_ani__evt2_str03.anim	candidates=1
mn_cdkcn_00_evt2_ani__evt2_str04	created	Assets/KamenAsset/KamenAnimClip/v1/DuplicatedFromFbx/Evt2/mn_cdkcn_00_evt2_evt2_str04/mn_cdkcn_00_evt2_ani__evt2_str04.anim	candidates=1
mn_cdkcn_00_evt2_ani__evt2_strb01	created	Assets/KamenAsset/KamenAnimClip/v1/DuplicatedFromFbx/Evt2/mn_cdkcn_00_evt2_evt2_strb01/mn_cdkcn_00_evt2_ani__evt2_strb01.anim	candidates=1
mn_cdkcn_00_evt2_ani__evt2_strb02	created	Assets/KamenAsset/KamenAnimClip/v1/DuplicatedFromFbx/Evt2/mn_cdkcn_00_evt2_evt2_strb02/mn_cdkcn_00_evt2_ani__evt2_strb02.anim	candidates=1
mn_cdkcn_00_evt2_ani__evt2_strb03	created	Assets/KamenAsset/KamenAnimClip/v1/DuplicatedFromFbx/Evt2/mn_cdkcn_00_evt2_evt2_strb03/mn_cdkcn_00_evt2_ani__evt2_strb03.anim	candidates=1
mn_cdkcn_02_ani__att_battle_10_01	created	Assets/KamenAsset/KamenAnimClip/v1/DuplicatedFromFbx/Battle/mn_cdkcn_02_battle_10/mn_cdkcn_02_ani__att_battle_10_01.anim	candidates=1
mn_cdkcn_02_ani__att_battle_10_02	created	Assets/KamenAsset/KamenAnimClip/v1/DuplicatedFromFbx/Battle/mn_cdkcn_02_battle_10/mn_cdkcn_02_ani__att_battle_10_02.anim	candidates=1
mn_cdkcn_02_ani__att_battle_10_03	created	Assets/KamenAsset/KamenAnimClip/v1/DuplicatedFromFbx/Battle/mn_cdkcn_02_battle_10/mn_cdkcn_02_ani__att_battle_10_03.anim	candidates=1
mn_cdkcn_02_ani__att_battle_11_01	created	Assets/KamenAsset/KamenAnimClip/v1/DuplicatedFromFbx/Battle/mn_cdkcn_02_battle_11/mn_cdkcn_02_ani__att_battle_11_01.anim	candidates=1
mn_cdkcn_02_ani__att_battle_11_02	created	Assets/KamenAsset/KamenAnimClip/v1/DuplicatedFromFbx/Battle/mn_cdkcn_02_battle_11/mn_cdkcn_02_ani__att_battle_11_02.anim	candidates=1
mn_cdkcn_02_ani__att_battle_11_03	created	Assets/KamenAsset/KamenAnimClip/v1/DuplicatedFromFbx/Battle/mn_cdkcn_02_battle_11/mn_cdkcn_02_ani__att_battle_11_03.anim	candidates=1
mn_cdkcn_02_ani__att_battle_11_04	created	Assets/KamenAsset/KamenAnimClip/v1/DuplicatedFromFbx/Battle/mn_cdkcn_02_battle_11/mn_cdkcn_02_ani__att_battle_11_04.anim	candidates=1
mn_cdkcn_02_ani__att_battle_11_05	created	Assets/KamenAsset/KamenAnimClip/v1/DuplicatedFromFbx/Battle/mn_cdkcn_02_battle_11/mn_cdkcn_02_ani__att_battle_11_05.anim	candidates=1
mn_cdkcn_02_ani__att_battle_11_06	created	Assets/KamenAsset/KamenAnimClip/v1/DuplicatedFromFbx/Battle/mn_cdkcn_02_battle_11/mn_cdkcn_02_ani__att_battle_11_06.anim	candidates=1
mn_cdkcn_02_ani__att_battle_11_07	created	Assets/KamenAsset/KamenAnimClip/v1/DuplicatedFromFbx/Battle/mn_cdkcn_02_battle_11/mn_cdkcn_02_ani__att_battle_11_07.anim	candidates=1
mn_cdkcn_02_ani__att_battle_11_08	created	Assets/KamenAsset/KamenAnimClip/v1/DuplicatedFromFbx/Battle/mn_cdkcn_02_battle_11/mn_cdkcn_02_ani__att_battle_11_08.anim	candidates=1
mn_cdkcn_02_ani__att_battle_11_09	created	Assets/KamenAsset/KamenAnimClip/v1/DuplicatedFromFbx/Battle/mn_cdkcn_02_battle_11/mn_cdkcn_02_ani__att_battle_11_09.anim	candidates=1
mn_cdkcn_02_ani__att_battle_12_01	created	Assets/KamenAsset/KamenAnimClip/v1/DuplicatedFromFbx/Battle/mn_cdkcn_02_battle_12/mn_cdkcn_02_ani__att_battle_12_01.anim	candidates=1
mn_cdkcn_02_ani__att_battle_12_02	created	Assets/KamenAsset/KamenAnimClip/v1/DuplicatedFromFbx/Battle/mn_cdkcn_02_battle_12/mn_cdkcn_02_ani__att_battle_12_02.anim	candidates=1
mn_cdkcn_02_ani__att_battle_12_03	created	Assets/KamenAsset/KamenAnimClip/v1/DuplicatedFromFbx/Battle/mn_cdkcn_02_battle_12/mn_cdkcn_02_ani__att_battle_12_03.anim	candidates=1
mn_cdkcn_02_ani__att_battle_12_04	created	Assets/KamenAsset/KamenAnimClip/v1/DuplicatedFromFbx/Battle/mn_cdkcn_02_battle_12/mn_cdkcn_02_ani__att_battle_12_04.anim	candidates=1
mn_cdkcn_02_ani__att_battle_12_05	created	Assets/KamenAsset/KamenAnimClip/v1/DuplicatedFromFbx/Battle/mn_cdkcn_02_battle_12/mn_cdkcn_02_ani__att_battle_12_05.anim	candidates=1
mn_cdkcn_02_ani__att_battle_12_06	created	Assets/KamenAsset/KamenAnimClip/v1/DuplicatedFromFbx/Battle/mn_cdkcn_02_battle_12/mn_cdkcn_02_ani__att_battle_12_06.anim	candidates=1
mn_cdkcn_02_ani__att_battle_12_07	created	Assets/KamenAsset/KamenAnimClip/v1/DuplicatedFromFbx/Battle/mn_cdkcn_02_battle_12/mn_cdkcn_02_ani__att_battle_12_07.anim	candidates=1
mn_cdkcn_02_ani__att_battle_12_08	created	Assets/KamenAsset/KamenAnimClip/v1/DuplicatedFromFbx/Battle/mn_cdkcn_02_battle_12/mn_cdkcn_02_ani__att_battle_12_08.anim	candidates=1
mn_cdkcn_02_ani__att_battle_12_09	created	Assets/KamenAsset/KamenAnimClip/v1/DuplicatedFromFbx/Battle/mn_cdkcn_02_battle_12/mn_cdkcn_02_ani__att_battle_12_09.anim	candidates=1
mn_cdkcn_02_ani__att_battle_13_01	created	Assets/KamenAsset/KamenAnimClip/v1/DuplicatedFromFbx/Battle/mn_cdkcn_02_battle_13/mn_cdkcn_02_ani__att_battle_13_01.anim	candidates=1
mn_cdkcn_02_ani__att_battle_13_02	created	Assets/KamenAsset/KamenAnimClip/v1/DuplicatedFromFbx/Battle/mn_cdkcn_02_battle_13/mn_cdkcn_02_ani__att_battle_13_02.anim	candidates=1
mn_cdkcn_02_ani__att_battle_13_03	created	Assets/KamenAsset/KamenAnimClip/v1/DuplicatedFromFbx/Battle/mn_cdkcn_02_battle_13/mn_cdkcn_02_ani__att_battle_13_03.anim	candidates=1
mn_cdkcn_02_ani__att_battle_13_04	created	Assets/KamenAsset/KamenAnimClip/v1/DuplicatedFromFbx/Battle/mn_cdkcn_02_battle_13/mn_cdkcn_02_ani__att_battle_13_04.anim	candidates=1
mn_cdkcn_02_ani__att_battle_14_01	created	Assets/KamenAsset/KamenAnimClip/v1/DuplicatedFromFbx/Battle/mn_cdkcn_02_battle_14/mn_cdkcn_02_ani__att_battle_14_01.anim	candidates=1
mn_cdkcn_02_ani__att_battle_14_02	created	Assets/KamenAsset/KamenAnimClip/v1/DuplicatedFromFbx/Battle/mn_cdkcn_02_battle_14/mn_cdkcn_02_ani__att_battle_14_02.anim	candidates=1
mn_cdkcn_02_ani__att_battle_14_03	created	Assets/KamenAsset/KamenAnimClip/v1/DuplicatedFromFbx/Battle/mn_cdkcn_02_battle_14/mn_cdkcn_02_ani__att_battle_14_03.anim	candidates=1
mn_cdkcn_02_ani__att_battle_14_04	created	Assets/KamenAsset/KamenAnimClip/v1/DuplicatedFromFbx/Battle/mn_cdkcn_02_battle_14/mn_cdkcn_02_ani__att_battle_14_04.anim	candidates=1
mn_cdkcn_02_ani__att_battle_14_05	created	Assets/KamenAsset/KamenAnimClip/v1/DuplicatedFromFbx/Battle/mn_cdkcn_02_battle_14/mn_cdkcn_02_ani__att_battle_14_05.anim	candidates=1
mn_cdkcn_02_ani__att_battle_14_06	created	Assets/KamenAsset/KamenAnimClip/v1/DuplicatedFromFbx/Battle/mn_cdkcn_02_battle_14/mn_cdkcn_02_ani__att_battle_14_06.anim	candidates=1
mn_cdkcn_02_ani__att_battle_14_07	created	Assets/KamenAsset/KamenAnimClip/v1/DuplicatedFromFbx/Battle/mn_cdkcn_02_battle_14/mn_cdkcn_02_ani__att_battle_14_07.anim	candidates=1
mn_cdkcn_02_ani__att_battle_14_08	created	Assets/KamenAsset/KamenAnimClip/v1/DuplicatedFromFbx/Battle/mn_cdkcn_02_battle_14/mn_cdkcn_02_ani__att_battle_14_08.anim	candidates=1
mn_cdkcn_02_ani__att_battle_14_09	created	Assets/KamenAsset/KamenAnimClip/v1/DuplicatedFromFbx/Battle/mn_cdkcn_02_battle_14/mn_cdkcn_02_ani__att_battle_14_09.anim	candidates=1
mn_cdkcn_02_ani__att_battle_15_01	created	Assets/KamenAsset/KamenAnimClip/v1/DuplicatedFromFbx/Battle/mn_cdkcn_02_battle_15/mn_cdkcn_02_ani__att_battle_15_01.anim	candidates=1
mn_cdkcn_02_ani__att_battle_15_02	created	Assets/KamenAsset/KamenAnimClip/v1/DuplicatedFromFbx/Battle/mn_cdkcn_02_battle_15/mn_cdkcn_02_ani__att_battle_15_02.anim	candidates=1
mn_cdkcn_02_ani__att_battle_15_03	created	Assets/KamenAsset/KamenAnimClip/v1/DuplicatedFromFbx/Battle/mn_cdkcn_02_battle_15/mn_cdkcn_02_ani__att_battle_15_03.anim	candidates=1
mn_cdkcn_02_ani__att_battle_1_01	created	Assets/KamenAsset/KamenAnimClip/v1/DuplicatedFromFbx/Battle/mn_cdkcn_02_battle_1/mn_cdkcn_02_ani__att_battle_1_01.anim	candidates=1
mn_cdkcn_02_ani__att_battle_1_02	created	Assets/KamenAsset/KamenAnimClip/v1/DuplicatedFromFbx/Battle/mn_cdkcn_02_battle_1/mn_cdkcn_02_ani__att_battle_1_02.anim	candidates=1
mn_cdkcn_02_ani__att_battle_1_03	created	Assets/KamenAsset/KamenAnimClip/v1/DuplicatedFromFbx/Battle/mn_cdkcn_02_battle_1/mn_cdkcn_02_ani__att_battle_1_03.anim	candidates=1
mn_cdkcn_02_ani__att_battle_1_04	created	Assets/KamenAsset/KamenAnimClip/v1/DuplicatedFromFbx/Battle/mn_cdkcn_02_battle_1/mn_cdkcn_02_ani__att_battle_1_04.anim	candidates=1
mn_cdkcn_02_ani__att_battle_1_05	created	Assets/KamenAsset/KamenAnimClip/v1/DuplicatedFromFbx/Battle/mn_cdkcn_02_battle_1/mn_cdkcn_02_ani__att_battle_1_05.anim	candidates=1
mn_cdkcn_02_ani__att_battle_1_06	created	Assets/KamenAsset/KamenAnimClip/v1/DuplicatedFromFbx/Battle/mn_cdkcn_02_battle_1/mn_cdkcn_02_ani__att_battle_1_06.anim	candidates=1
mn_cdkcn_02_ani__att_battle_1_07	created	Assets/KamenAsset/KamenAnimClip/v1/DuplicatedFromFbx/Battle/mn_cdkcn_02_battle_1/mn_cdkcn_02_ani__att_battle_1_07.anim	candidates=1
mn_cdkcn_02_ani__att_battle_1_08	created	Assets/KamenAsset/KamenAnimClip/v1/DuplicatedFromFbx/Battle/mn_cdkcn_02_battle_1/mn_cdkcn_02_ani__att_battle_1_08.anim	candidates=1
mn_cdkcn_02_ani__att_battle_2_01	created	Assets/KamenAsset/KamenAnimClip/v1/DuplicatedFromFbx/Battle/mn_cdkcn_02_battle_2/mn_cdkcn_02_ani__att_battle_2_01.anim	candidates=1
mn_cdkcn_02_ani__att_battle_2_02	created	Assets/KamenAsset/KamenAnimClip/v1/DuplicatedFromFbx/Battle/mn_cdkcn_02_battle_2/mn_cdkcn_02_ani__att_battle_2_02.anim	candidates=1
mn_cdkcn_02_ani__att_battle_2_03	created	Assets/KamenAsset/KamenAnimClip/v1/DuplicatedFromFbx/Battle/mn_cdkcn_02_battle_2/mn_cdkcn_02_ani__att_battle_2_03.anim	candidates=1
mn_cdkcn_02_ani__att_battle_3_01	created	Assets/KamenAsset/KamenAnimClip/v1/DuplicatedFromFbx/Battle/mn_cdkcn_02_battle_3/mn_cdkcn_02_ani__att_battle_3_01.anim	candidates=1
mn_cdkcn_02_ani__att_battle_3_02	created	Assets/KamenAsset/KamenAnimClip/v1/DuplicatedFromFbx/Battle/mn_cdkcn_02_battle_3/mn_cdkcn_02_ani__att_battle_3_02.anim	candidates=1
mn_cdkcn_02_ani__att_battle_3_03	created	Assets/KamenAsset/KamenAnimClip/v1/DuplicatedFromFbx/Battle/mn_cdkcn_02_battle_3/mn_cdkcn_02_ani__att_battle_3_03.anim	candidates=1
mn_cdkcn_02_ani__att_battle_3_04	created	Assets/KamenAsset/KamenAnimClip/v1/DuplicatedFromFbx/Battle/mn_cdkcn_02_battle_3/mn_cdkcn_02_ani__att_battle_3_04.anim	candidates=1
mn_cdkcn_02_ani__att_battle_3_05	created	Assets/KamenAsset/KamenAnimClip/v1/DuplicatedFromFbx/Battle/mn_cdkcn_02_battle_3/mn_cdkcn_02_ani__att_battle_3_05.anim	candidates=1
mn_cdkcn_02_ani__att_battle_3_06	created	Assets/KamenAsset/KamenAnimClip/v1/DuplicatedFromFbx/Battle/mn_cdkcn_02_battle_3/mn_cdkcn_02_ani__att_battle_3_06.anim	candidates=1
mn_cdkcn_02_ani__att_battle_3_07	created	Assets/KamenAsset/KamenAnimClip/v1/DuplicatedFromFbx/Battle/mn_cdkcn_02_battle_3/mn_cdkcn_02_ani__att_battle_3_07.anim	candidates=1
mn_cdkcn_02_ani__att_battle_4_01	created	Assets/KamenAsset/KamenAnimClip/v1/DuplicatedFromFbx/Battle/mn_cdkcn_02_battle_4/mn_cdkcn_02_ani__att_battle_4_01.anim	candidates=1
mn_cdkcn_02_ani__att_battle_4_02	created	Assets/KamenAsset/KamenAnimClip/v1/DuplicatedFromFbx/Battle/mn_cdkcn_02_battle_4/mn_cdkcn_02_ani__att_battle_4_02.anim	candidates=1
mn_cdkcn_02_ani__att_battle_4_03	created	Assets/KamenAsset/KamenAnimClip/v1/DuplicatedFromFbx/Battle/mn_cdkcn_02_battle_4/mn_cdkcn_02_ani__att_battle_4_03.anim	candidates=1
mn_cdkcn_02_ani__att_battle_5_01	created	Assets/KamenAsset/KamenAnimClip/v1/DuplicatedFromFbx/Battle/mn_cdkcn_02_battle_5/mn_cdkcn_02_ani__att_battle_5_01.anim	candidates=1
mn_cdkcn_02_ani__att_battle_5_02	created	Assets/KamenAsset/KamenAnimClip/v1/DuplicatedFromFbx/Battle/mn_cdkcn_02_battle_5/mn_cdkcn_02_ani__att_battle_5_02.anim	candidates=1
mn_cdkcn_02_ani__att_battle_5_03	created	Assets/KamenAsset/KamenAnimClip/v1/DuplicatedFromFbx/Battle/mn_cdkcn_02_battle_5/mn_cdkcn_02_ani__att_battle_5_03.anim	candidates=1
mn_cdkcn_02_ani__att_battle_5_04	created	Assets/KamenAsset/KamenAnimClip/v1/DuplicatedFromFbx/Battle/mn_cdkcn_02_battle_5/mn_cdkcn_02_ani__att_battle_5_04.anim	candidates=1
mn_cdkcn_02_ani__att_battle_6_01	created	Assets/KamenAsset/KamenAnimClip/v1/DuplicatedFromFbx/Battle/mn_cdkcn_02_battle_6/mn_cdkcn_02_ani__att_battle_6_01.anim	candidates=1
mn_cdkcn_02_ani__att_battle_6_02	created	Assets/KamenAsset/KamenAnimClip/v1/DuplicatedFromFbx/Battle/mn_cdkcn_02_battle_6/mn_cdkcn_02_ani__att_battle_6_02.anim	candidates=1
mn_cdkcn_02_ani__att_battle_6_03	created	Assets/KamenAsset/KamenAnimClip/v1/DuplicatedFromFbx/Battle/mn_cdkcn_02_battle_6/mn_cdkcn_02_ani__att_battle_6_03.anim	candidates=1
mn_cdkcn_02_ani__att_battle_6_04	created	Assets/KamenAsset/KamenAnimClip/v1/DuplicatedFromFbx/Battle/mn_cdkcn_02_battle_6/mn_cdkcn_02_ani__att_battle_6_04.anim	candidates=1
mn_cdkcn_02_ani__att_battle_6_05	created	Assets/KamenAsset/KamenAnimClip/v1/DuplicatedFromFbx/Battle/mn_cdkcn_02_battle_6/mn_cdkcn_02_ani__att_battle_6_05.anim	candidates=1
mn_cdkcn_02_ani__att_battle_6_06	created	Assets/KamenAsset/KamenAnimClip/v1/DuplicatedFromFbx/Battle/mn_cdkcn_02_battle_6/mn_cdkcn_02_ani__att_battle_6_06.anim	candidates=1
mn_cdkcn_02_ani__att_battle_7_01	created	Assets/KamenAsset/KamenAnimClip/v1/DuplicatedFromFbx/Battle/mn_cdkcn_02_battle_7/mn_cdkcn_02_ani__att_battle_7_01.anim	candidates=1
mn_cdkcn_02_ani__att_battle_7_02	created	Assets/KamenAsset/KamenAnimClip/v1/DuplicatedFromFbx/Battle/mn_cdkcn_02_battle_7/mn_cdkcn_02_ani__att_battle_7_02.anim	candidates=1
mn_cdkcn_02_ani__att_battle_7_03	created	Assets/KamenAsset/KamenAnimClip/v1/DuplicatedFromFbx/Battle/mn_cdkcn_02_battle_7/mn_cdkcn_02_ani__att_battle_7_03.anim	candidates=1
mn_cdkcn_02_ani__att_battle_8_01	created	Assets/KamenAsset/KamenAnimClip/v1/DuplicatedFromFbx/Battle/mn_cdkcn_02_battle_8/mn_cdkcn_02_ani__att_battle_8_01.anim	candidates=1
mn_cdkcn_02_ani__att_battle_8_02	created	Assets/KamenAsset/KamenAnimClip/v1/DuplicatedFromFbx/Battle/mn_cdkcn_02_battle_8/mn_cdkcn_02_ani__att_battle_8_02.anim	candidates=1
mn_cdkcn_02_ani__att_battle_8_03	created	Assets/KamenAsset/KamenAnimClip/v1/DuplicatedFromFbx/Battle/mn_cdkcn_02_battle_8/mn_cdkcn_02_ani__att_battle_8_03.anim	candidates=1
mn_cdkcn_02_ani__att_battle_9_01	created	Assets/KamenAsset/KamenAnimClip/v1/DuplicatedFromFbx/Battle/mn_cdkcn_02_battle_9/mn_cdkcn_02_ani__att_battle_9_01.anim	candidates=1
mn_cdkcn_02_ani__att_battle_9_02	created	Assets/KamenAsset/KamenAnimClip/v1/DuplicatedFromFbx/Battle/mn_cdkcn_02_battle_9/mn_cdkcn_02_ani__att_battle_9_02.anim	candidates=1
mn_cdkcn_02_ani__att_battle_9_03	created	Assets/KamenAsset/KamenAnimClip/v1/DuplicatedFromFbx/Battle/mn_cdkcn_02_battle_9/mn_cdkcn_02_ani__att_battle_9_03.anim	candidates=1
mn_cdkcn_02_ani__att_status1_10_01	created	Assets/KamenAsset/KamenAnimClip/v1/DuplicatedFromFbx/Status/mn_cdkcn_02_status1_10/mn_cdkcn_02_ani__att_status1_10_01.anim	candidates=1
mn_cdkcn_02_ani__att_status1_10_02	created	Assets/KamenAsset/KamenAnimClip/v1/DuplicatedFromFbx/Status/mn_cdkcn_02_status1_10/mn_cdkcn_02_ani__att_status1_10_02.anim	candidates=1
mn_cdkcn_02_ani__att_status1_10_03	created	Assets/KamenAsset/KamenAnimClip/v1/DuplicatedFromFbx/Status/mn_cdkcn_02_status1_10/mn_cdkcn_02_ani__att_status1_10_03.anim	candidates=1
mn_cdkcn_02_ani__att_status1_11_01	created	Assets/KamenAsset/KamenAnimClip/v1/DuplicatedFromFbx/Status/mn_cdkcn_02_status1_11/mn_cdkcn_02_ani__att_status1_11_01.anim	candidates=1
mn_cdkcn_02_ani__att_status1_11_02	created	Assets/KamenAsset/KamenAnimClip/v1/DuplicatedFromFbx/Status/mn_cdkcn_02_status1_11/mn_cdkcn_02_ani__att_status1_11_02.anim	candidates=1
mn_cdkcn_02_ani__att_status1_12_01	created	Assets/KamenAsset/KamenAnimClip/v1/DuplicatedFromFbx/Status/mn_cdkcn_02_status1_12/mn_cdkcn_02_ani__att_status1_12_01.anim	candidates=1
mn_cdkcn_02_ani__att_status1_12_02	created	Assets/KamenAsset/KamenAnimClip/v1/DuplicatedFromFbx/Status/mn_cdkcn_02_status1_12/mn_cdkcn_02_ani__att_status1_12_02.anim	candidates=1
mn_cdkcn_02_ani__att_status1_12_03	created	Assets/KamenAsset/KamenAnimClip/v1/DuplicatedFromFbx/Status/mn_cdkcn_02_status1_12/mn_cdkcn_02_ani__att_status1_12_03.anim	candidates=1
mn_cdkcn_02_ani__att_status1_12_04	created	Assets/KamenAsset/KamenAnimClip/v1/DuplicatedFromFbx/Status/mn_cdkcn_02_status1_12/mn_cdkcn_02_ani__att_status1_12_04.anim	candidates=1
mn_cdkcn_02_ani__att_status1_12_05	created	Assets/KamenAsset/KamenAnimClip/v1/DuplicatedFromFbx/Status/mn_cdkcn_02_status1_12/mn_cdkcn_02_ani__att_status1_12_05.anim	candidates=1
mn_cdkcn_02_ani__att_status1_12_06	created	Assets/KamenAsset/KamenAnimClip/v1/DuplicatedFromFbx/Status/mn_cdkcn_02_status1_12/mn_cdkcn_02_ani__att_status1_12_06.anim	candidates=1
mn_cdkcn_02_ani__att_status1_13_01	created	Assets/KamenAsset/KamenAnimClip/v1/DuplicatedFromFbx/Status/mn_cdkcn_02_status1_13/mn_cdkcn_02_ani__att_status1_13_01.anim	candidates=1
mn_cdkcn_02_ani__att_status1_13_02	created	Assets/KamenAsset/KamenAnimClip/v1/DuplicatedFromFbx/Status/mn_cdkcn_02_status1_13/mn_cdkcn_02_ani__att_status1_13_02.anim	candidates=1
mn_cdkcn_02_ani__att_status1_13_03	created	Assets/KamenAsset/KamenAnimClip/v1/DuplicatedFromFbx/Status/mn_cdkcn_02_status1_13/mn_cdkcn_02_ani__att_status1_13_03.anim	candidates=1
mn_cdkcn_02_ani__att_status1_13_04	created	Assets/KamenAsset/KamenAnimClip/v1/DuplicatedFromFbx/Status/mn_cdkcn_02_status1_13/mn_cdkcn_02_ani__att_status1_13_04.anim	candidates=1
mn_cdkcn_02_ani__att_status1_13_05	created	Assets/KamenAsset/KamenAnimClip/v1/DuplicatedFromFbx/Status/mn_cdkcn_02_status1_13/mn_cdkcn_02_ani__att_status1_13_05.anim	candidates=1
mn_cdkcn_02_ani__att_status1_13_06	created	Assets/KamenAsset/KamenAnimClip/v1/DuplicatedFromFbx/Status/mn_cdkcn_02_status1_13/mn_cdkcn_02_ani__att_status1_13_06.anim	candidates=1
mn_cdkcn_02_ani__att_status1_14_01	created	Assets/KamenAsset/KamenAnimClip/v1/DuplicatedFromFbx/Status/mn_cdkcn_02_status1_14/mn_cdkcn_02_ani__att_status1_14_01.anim	candidates=1
mn_cdkcn_02_ani__att_status1_14_02	created	Assets/KamenAsset/KamenAnimClip/v1/DuplicatedFromFbx/Status/mn_cdkcn_02_status1_14/mn_cdkcn_02_ani__att_status1_14_02.anim	candidates=1
mn_cdkcn_02_ani__att_status1_14_03	created	Assets/KamenAsset/KamenAnimClip/v1/DuplicatedFromFbx/Status/mn_cdkcn_02_status1_14/mn_cdkcn_02_ani__att_status1_14_03.anim	candidates=1
mn_cdkcn_02_ani__att_status1_14_04	created	Assets/KamenAsset/KamenAnimClip/v1/DuplicatedFromFbx/Status/mn_cdkcn_02_status1_14/mn_cdkcn_02_ani__att_status1_14_04.anim	candidates=1
mn_cdkcn_02_ani__att_status1_14_05	created	Assets/KamenAsset/KamenAnimClip/v1/DuplicatedFromFbx/Status/mn_cdkcn_02_status1_14/mn_cdkcn_02_ani__att_status1_14_05.anim	candidates=1
mn_cdkcn_02_ani__att_status1_14_06	created	Assets/KamenAsset/KamenAnimClip/v1/DuplicatedFromFbx/Status/mn_cdkcn_02_status1_14/mn_cdkcn_02_ani__att_status1_14_06.anim	candidates=1
mn_cdkcn_02_ani__att_status1_14_07	created	Assets/KamenAsset/KamenAnimClip/v1/DuplicatedFromFbx/Status/mn_cdkcn_02_status1_14/mn_cdkcn_02_ani__att_status1_14_07.anim	candidates=1
mn_cdkcn_02_ani__att_status1_14_08	created	Assets/KamenAsset/KamenAnimClip/v1/DuplicatedFromFbx/Status/mn_cdkcn_02_status1_14/mn_cdkcn_02_ani__att_status1_14_08.anim	candidates=1
mn_cdkcn_02_ani__att_status1_14_09	created	Assets/KamenAsset/KamenAnimClip/v1/DuplicatedFromFbx/Status/mn_cdkcn_02_status1_14/mn_cdkcn_02_ani__att_status1_14_09.anim	candidates=1
mn_cdkcn_02_ani__att_status1_14_10	created	Assets/KamenAsset/KamenAnimClip/v1/DuplicatedFromFbx/Status/mn_cdkcn_02_status1_14/mn_cdkcn_02_ani__att_status1_14_10.anim	candidates=1
mn_cdkcn_02_ani__att_status1_15_01	created	Assets/KamenAsset/KamenAnimClip/v1/DuplicatedFromFbx/Status/mn_cdkcn_02_status1_15/mn_cdkcn_02_ani__att_status1_15_01.anim	candidates=1
mn_cdkcn_02_ani__att_status1_15_02	created	Assets/KamenAsset/KamenAnimClip/v1/DuplicatedFromFbx/Status/mn_cdkcn_02_status1_15/mn_cdkcn_02_ani__att_status1_15_02.anim	candidates=1
mn_cdkcn_02_ani__att_status1_15_03	created	Assets/KamenAsset/KamenAnimClip/v1/DuplicatedFromFbx/Status/mn_cdkcn_02_status1_15/mn_cdkcn_02_ani__att_status1_15_03.anim	candidates=1
mn_cdkcn_02_ani__att_status1_16_01	created	Assets/KamenAsset/KamenAnimClip/v1/DuplicatedFromFbx/Status/mn_cdkcn_02_status1_16/mn_cdkcn_02_ani__att_status1_16_01.anim	candidates=1
mn_cdkcn_02_ani__att_status1_1_01	created	Assets/KamenAsset/KamenAnimClip/v1/DuplicatedFromFbx/Status/mn_cdkcn_02_status1_1/mn_cdkcn_02_ani__att_status1_1_01.anim	candidates=1
mn_cdkcn_02_ani__att_status1_1_02	created	Assets/KamenAsset/KamenAnimClip/v1/DuplicatedFromFbx/Status/mn_cdkcn_02_status1_1/mn_cdkcn_02_ani__att_status1_1_02.anim	candidates=1
mn_cdkcn_02_ani__att_status1_1_03	created	Assets/KamenAsset/KamenAnimClip/v1/DuplicatedFromFbx/Status/mn_cdkcn_02_status1_1/mn_cdkcn_02_ani__att_status1_1_03.anim	candidates=1
mn_cdkcn_02_ani__att_status1_1_04	created	Assets/KamenAsset/KamenAnimClip/v1/DuplicatedFromFbx/Status/mn_cdkcn_02_status1_1/mn_cdkcn_02_ani__att_status1_1_04.anim	candidates=1
mn_cdkcn_02_ani__att_status1_1_05	created	Assets/KamenAsset/KamenAnimClip/v1/DuplicatedFromFbx/Status/mn_cdkcn_02_status1_1/mn_cdkcn_02_ani__att_status1_1_05.anim	candidates=1
mn_cdkcn_02_ani__att_status1_1_06	created	Assets/KamenAsset/KamenAnimClip/v1/DuplicatedFromFbx/Status/mn_cdkcn_02_status1_1/mn_cdkcn_02_ani__att_status1_1_06.anim	candidates=1
mn_cdkcn_02_ani__att_status1_1_07	created	Assets/KamenAsset/KamenAnimClip/v1/DuplicatedFromFbx/Status/mn_cdkcn_02_status1_1/mn_cdkcn_02_ani__att_status1_1_07.anim	candidates=1
mn_cdkcn_02_ani__att_status1_1_08	created	Assets/KamenAsset/KamenAnimClip/v1/DuplicatedFromFbx/Status/mn_cdkcn_02_status1_1/mn_cdkcn_02_ani__att_status1_1_08.anim	candidates=1
mn_cdkcn_02_ani__att_status1_1_09	created	Assets/KamenAsset/KamenAnimClip/v1/DuplicatedFromFbx/Status/mn_cdkcn_02_status1_1/mn_cdkcn_02_ani__att_status1_1_09.anim	candidates=1
mn_cdkcn_02_ani__att_status1_1_10	created	Assets/KamenAsset/KamenAnimClip/v1/DuplicatedFromFbx/Status/mn_cdkcn_02_status1_1/mn_cdkcn_02_ani__att_status1_1_10.anim	candidates=1
mn_cdkcn_02_ani__att_status1_1_11	created	Assets/KamenAsset/KamenAnimClip/v1/DuplicatedFromFbx/Status/mn_cdkcn_02_status1_1/mn_cdkcn_02_ani__att_status1_1_11.anim	candidates=1
mn_cdkcn_02_ani__att_status1_1_12_01	created	Assets/KamenAsset/KamenAnimClip/v1/DuplicatedFromFbx/Status/mn_cdkcn_02_status1_1_01/mn_cdkcn_02_ani__att_status1_1_12_01.anim	candidates=1
mn_cdkcn_02_ani__att_status1_1_12_02	created	Assets/KamenAsset/KamenAnimClip/v1/DuplicatedFromFbx/Status/mn_cdkcn_02_status1_1_02/mn_cdkcn_02_ani__att_status1_1_12_02.anim	candidates=1
mn_cdkcn_02_ani__att_status1_2_01	created	Assets/KamenAsset/KamenAnimClip/v1/DuplicatedFromFbx/Status/mn_cdkcn_02_status1_2/mn_cdkcn_02_ani__att_status1_2_01.anim	candidates=1
mn_cdkcn_02_ani__att_status1_2_02	created	Assets/KamenAsset/KamenAnimClip/v1/DuplicatedFromFbx/Status/mn_cdkcn_02_status1_2/mn_cdkcn_02_ani__att_status1_2_02.anim	candidates=1
mn_cdkcn_02_ani__att_status1_2_03	created	Assets/KamenAsset/KamenAnimClip/v1/DuplicatedFromFbx/Status/mn_cdkcn_02_status1_2/mn_cdkcn_02_ani__att_status1_2_03.anim	candidates=1
mn_cdkcn_02_ani__att_status1_2_04	created	Assets/KamenAsset/KamenAnimClip/v1/DuplicatedFromFbx/Status/mn_cdkcn_02_status1_2/mn_cdkcn_02_ani__att_status1_2_04.anim	candidates=1
mn_cdkcn_02_ani__att_status1_2_05	created	Assets/KamenAsset/KamenAnimClip/v1/DuplicatedFromFbx/Status/mn_cdkcn_02_status1_2/mn_cdkcn_02_ani__att_status1_2_05.anim	candidates=1
mn_cdkcn_02_ani__att_status1_2_06	created	Assets/KamenAsset/KamenAnimClip/v1/DuplicatedFromFbx/Status/mn_cdkcn_02_status1_2/mn_cdkcn_02_ani__att_status1_2_06.anim	candidates=1
mn_cdkcn_02_ani__att_status1_3_01	created	Assets/KamenAsset/KamenAnimClip/v1/DuplicatedFromFbx/Status/mn_cdkcn_02_status1_3/mn_cdkcn_02_ani__att_status1_3_01.anim	candidates=1
mn_cdkcn_02_ani__att_status1_3_02	created	Assets/KamenAsset/KamenAnimClip/v1/DuplicatedFromFbx/Status/mn_cdkcn_02_status1_3/mn_cdkcn_02_ani__att_status1_3_02.anim	candidates=1
mn_cdkcn_02_ani__att_status1_3_03	created	Assets/KamenAsset/KamenAnimClip/v1/DuplicatedFromFbx/Status/mn_cdkcn_02_status1_3/mn_cdkcn_02_ani__att_status1_3_03.anim	candidates=1
mn_cdkcn_02_ani__att_status1_3_04	created	Assets/KamenAsset/KamenAnimClip/v1/DuplicatedFromFbx/Status/mn_cdkcn_02_status1_3/mn_cdkcn_02_ani__att_status1_3_04.anim	candidates=1
mn_cdkcn_02_ani__att_status1_3_05	created	Assets/KamenAsset/KamenAnimClip/v1/DuplicatedFromFbx/Status/mn_cdkcn_02_status1_3/mn_cdkcn_02_ani__att_status1_3_05.anim	candidates=1
mn_cdkcn_02_ani__att_status1_3_06	created	Assets/KamenAsset/KamenAnimClip/v1/DuplicatedFromFbx/Status/mn_cdkcn_02_status1_3/mn_cdkcn_02_ani__att_status1_3_06.anim	candidates=1
mn_cdkcn_02_ani__att_status1_3_07	created	Assets/KamenAsset/KamenAnimClip/v1/DuplicatedFromFbx/Status/mn_cdkcn_02_status1_3/mn_cdkcn_02_ani__att_status1_3_07.anim	candidates=1
mn_cdkcn_02_ani__att_status1_4_01	created	Assets/KamenAsset/KamenAnimClip/v1/DuplicatedFromFbx/Status/mn_cdkcn_02_status1_4/mn_cdkcn_02_ani__att_status1_4_01.anim	candidates=1
mn_cdkcn_02_ani__att_status1_4_02	created	Assets/KamenAsset/KamenAnimClip/v1/DuplicatedFromFbx/Status/mn_cdkcn_02_status1_4/mn_cdkcn_02_ani__att_status1_4_02.anim	candidates=1
mn_cdkcn_02_ani__att_status1_4_03	created	Assets/KamenAsset/KamenAnimClip/v1/DuplicatedFromFbx/Status/mn_cdkcn_02_status1_4/mn_cdkcn_02_ani__att_status1_4_03.anim	candidates=1
mn_cdkcn_02_ani__att_status1_5_01	created	Assets/KamenAsset/KamenAnimClip/v1/DuplicatedFromFbx/Status/mn_cdkcn_02_status1_5/mn_cdkcn_02_ani__att_status1_5_01.anim	candidates=1
mn_cdkcn_02_ani__att_status1_5_02	created	Assets/KamenAsset/KamenAnimClip/v1/DuplicatedFromFbx/Status/mn_cdkcn_02_status1_5/mn_cdkcn_02_ani__att_status1_5_02.anim	candidates=1
mn_cdkcn_02_ani__att_status1_5_03	created	Assets/KamenAsset/KamenAnimClip/v1/DuplicatedFromFbx/Status/mn_cdkcn_02_status1_5/mn_cdkcn_02_ani__att_status1_5_03.anim	candidates=1
mn_cdkcn_02_ani__att_status1_6_01	created	Assets/KamenAsset/KamenAnimClip/v1/DuplicatedFromFbx/Status/mn_cdkcn_02_status1_6/mn_cdkcn_02_ani__att_status1_6_01.anim	candidates=1
mn_cdkcn_02_ani__att_status1_6_02	created	Assets/KamenAsset/KamenAnimClip/v1/DuplicatedFromFbx/Status/mn_cdkcn_02_status1_6/mn_cdkcn_02_ani__att_status1_6_02.anim	candidates=1
mn_cdkcn_02_ani__att_status1_6_03	created	Assets/KamenAsset/KamenAnimClip/v1/DuplicatedFromFbx/Status/mn_cdkcn_02_status1_6/mn_cdkcn_02_ani__att_status1_6_03.anim	candidates=1
mn_cdkcn_02_ani__att_status1_6_04	created	Assets/KamenAsset/KamenAnimClip/v1/DuplicatedFromFbx/Status/mn_cdkcn_02_status1_6/mn_cdkcn_02_ani__att_status1_6_04.anim	candidates=1
mn_cdkcn_02_ani__att_status1_7_01	created	Assets/KamenAsset/KamenAnimClip/v1/DuplicatedFromFbx/Status/mn_cdkcn_02_status1_7/mn_cdkcn_02_ani__att_status1_7_01.anim	candidates=1
mn_cdkcn_02_ani__att_status1_7_02	created	Assets/KamenAsset/KamenAnimClip/v1/DuplicatedFromFbx/Status/mn_cdkcn_02_status1_7/mn_cdkcn_02_ani__att_status1_7_02.anim	candidates=1
mn_cdkcn_02_ani__att_status1_7_03	created	Assets/KamenAsset/KamenAnimClip/v1/DuplicatedFromFbx/Status/mn_cdkcn_02_status1_7/mn_cdkcn_02_ani__att_status1_7_03.anim	candidates=1
mn_cdkcn_02_ani__att_status1_8_01	created	Assets/KamenAsset/KamenAnimClip/v1/DuplicatedFromFbx/Status/mn_cdkcn_02_status1_8/mn_cdkcn_02_ani__att_status1_8_01.anim	candidates=1
mn_cdkcn_02_ani__att_status1_8_02	created	Assets/KamenAsset/KamenAnimClip/v1/DuplicatedFromFbx/Status/mn_cdkcn_02_status1_8/mn_cdkcn_02_ani__att_status1_8_02.anim	candidates=1
mn_cdkcn_02_ani__att_status1_8_03	created	Assets/KamenAsset/KamenAnimClip/v1/DuplicatedFromFbx/Status/mn_cdkcn_02_status1_8/mn_cdkcn_02_ani__att_status1_8_03.anim	candidates=1
mn_cdkcn_02_ani__att_status2_1_01	created	Assets/KamenAsset/KamenAnimClip/v1/DuplicatedFromFbx/Status/mn_cdkcn_02_status2_1/mn_cdkcn_02_ani__att_status2_1_01.anim	candidates=1
mn_cdkcn_02_ani__att_status2_1_02	created	Assets/KamenAsset/KamenAnimClip/v1/DuplicatedFromFbx/Status/mn_cdkcn_02_status2_1/mn_cdkcn_02_ani__att_status2_1_02.anim	candidates=1
mn_cdkcn_02_ani__att_status2_1_03	created	Assets/KamenAsset/KamenAnimClip/v1/DuplicatedFromFbx/Status/mn_cdkcn_02_status2_1/mn_cdkcn_02_ani__att_status2_1_03.anim	candidates=1
mn_cdkcn_02_ani__att_status2_1_04	created	Assets/KamenAsset/KamenAnimClip/v1/DuplicatedFromFbx/Status/mn_cdkcn_02_status2_1/mn_cdkcn_02_ani__att_status2_1_04.anim	candidates=1
mn_cdkcn_02_ani__att_status2_1_05	created	Assets/KamenAsset/KamenAnimClip/v1/DuplicatedFromFbx/Status/mn_cdkcn_02_status2_1/mn_cdkcn_02_ani__att_status2_1_05.anim	candidates=1
mn_cdkcn_02_ani__att_status2_1_06	created	Assets/KamenAsset/KamenAnimClip/v1/DuplicatedFromFbx/Status/mn_cdkcn_02_status2_1/mn_cdkcn_02_ani__att_status2_1_06.anim	candidates=1
mn_cdkcn_02_ani__att_status2_1_07	created	Assets/KamenAsset/KamenAnimClip/v1/DuplicatedFromFbx/Status/mn_cdkcn_02_status2_1/mn_cdkcn_02_ani__att_status2_1_07.anim	candidates=1
mn_cdkcn_02_ani__att_status2_1_08	created	Assets/KamenAsset/KamenAnimClip/v1/DuplicatedFromFbx/Status/mn_cdkcn_02_status2_1/mn_cdkcn_02_ani__att_status2_1_08.anim	candidates=1
mn_cdkcn_02_ani__att_status2_1_09	created	Assets/KamenAsset/KamenAnimClip/v1/DuplicatedFromFbx/Status/mn_cdkcn_02_status2_1/mn_cdkcn_02_ani__att_status2_1_09.anim	candidates=1
mn_cdkcn_02_ani__att_status2_1_10	created	Assets/KamenAsset/KamenAnimClip/v1/DuplicatedFromFbx/Status/mn_cdkcn_02_status2_1/mn_cdkcn_02_ani__att_status2_1_10.anim	candidates=1
mn_cdkcn_02_ani__att_status2_1_11	created	Assets/KamenAsset/KamenAnimClip/v1/DuplicatedFromFbx/Status/mn_cdkcn_02_status2_1/mn_cdkcn_02_ani__att_status2_1_11.anim	candidates=1
mn_cdkcn_02_ani__att_status2_2_01	created	Assets/KamenAsset/KamenAnimClip/v1/DuplicatedFromFbx/Status/mn_cdkcn_02_status2_2/mn_cdkcn_02_ani__att_status2_2_01.anim	candidates=1
mn_cdkcn_02_ani__att_status2_2_02	created	Assets/KamenAsset/KamenAnimClip/v1/DuplicatedFromFbx/Status/mn_cdkcn_02_status2_2/mn_cdkcn_02_ani__att_status2_2_02.anim	candidates=1
mn_cdkcn_02_ani__att_status2_2_03	created	Assets/KamenAsset/KamenAnimClip/v1/DuplicatedFromFbx/Status/mn_cdkcn_02_status2_2/mn_cdkcn_02_ani__att_status2_2_03.anim	candidates=1
mn_cdkcn_02_ani__att_status2_2_04	created	Assets/KamenAsset/KamenAnimClip/v1/DuplicatedFromFbx/Status/mn_cdkcn_02_status2_2/mn_cdkcn_02_ani__att_status2_2_04.anim	candidates=1
mn_cdkcn_02_ani__att_status2_2_05	created	Assets/KamenAsset/KamenAnimClip/v1/DuplicatedFromFbx/Status/mn_cdkcn_02_status2_2/mn_cdkcn_02_ani__att_status2_2_05.anim	candidates=1
mn_cdkcn_02_ani__att_status2_2_06	created	Assets/KamenAsset/KamenAnimClip/v1/DuplicatedFromFbx/Status/mn_cdkcn_02_status2_2/mn_cdkcn_02_ani__att_status2_2_06.anim	candidates=1
mn_cdkcn_02_ani__att_status2_3_01	created	Assets/KamenAsset/KamenAnimClip/v1/DuplicatedFromFbx/Status/mn_cdkcn_02_status2_3/mn_cdkcn_02_ani__att_status2_3_01.anim	candidates=1
mn_cdkcn_02_ani__att_status2_3_02	created	Assets/KamenAsset/KamenAnimClip/v1/DuplicatedFromFbx/Status/mn_cdkcn_02_status2_3/mn_cdkcn_02_ani__att_status2_3_02.anim	candidates=1
mn_cdkcn_02_ani__att_status2_3_03	created	Assets/KamenAsset/KamenAnimClip/v1/DuplicatedFromFbx/Status/mn_cdkcn_02_status2_3/mn_cdkcn_02_ani__att_status2_3_03.anim	candidates=1
mn_cdkcn_02_ani__att_status2_3_04	created	Assets/KamenAsset/KamenAnimClip/v1/DuplicatedFromFbx/Status/mn_cdkcn_02_status2_3/mn_cdkcn_02_ani__att_status2_3_04.anim	candidates=1
mn_cdkcn_02_ani__att_status2_3_05	created	Assets/KamenAsset/KamenAnimClip/v1/DuplicatedFromFbx/Status/mn_cdkcn_02_status2_3/mn_cdkcn_02_ani__att_status2_3_05.anim	candidates=1
mn_cdkcn_02_ani__att_status2_3_06	created	Assets/KamenAsset/KamenAnimClip/v1/DuplicatedFromFbx/Status/mn_cdkcn_02_status2_3/mn_cdkcn_02_ani__att_status2_3_06.anim	candidates=1
mn_cdkcn_02_ani__att_status2_3_07	created	Assets/KamenAsset/KamenAnimClip/v1/DuplicatedFromFbx/Status/mn_cdkcn_02_status2_3/mn_cdkcn_02_ani__att_status2_3_07.anim	candidates=1
mn_cdkcn_02_ani__att_status2_4_01	created	Assets/KamenAsset/KamenAnimClip/v1/DuplicatedFromFbx/Status/mn_cdkcn_02_status2_4/mn_cdkcn_02_ani__att_status2_4_01.anim	candidates=1
mn_cdkcn_02_ani__att_status2_4_02	created	Assets/KamenAsset/KamenAnimClip/v1/DuplicatedFromFbx/Status/mn_cdkcn_02_status2_4/mn_cdkcn_02_ani__att_status2_4_02.anim	candidates=1
mn_cdkcn_02_ani__att_status2_4_03	created	Assets/KamenAsset/KamenAnimClip/v1/DuplicatedFromFbx/Status/mn_cdkcn_02_status2_4/mn_cdkcn_02_ani__att_status2_4_03.anim	candidates=1
mn_cdkcn_02_ani__att_status2_4_04	created	Assets/KamenAsset/KamenAnimClip/v1/DuplicatedFromFbx/Status/mn_cdkcn_02_status2_4/mn_cdkcn_02_ani__att_status2_4_04.anim	candidates=1
mn_cdkcn_02_ani__att_status2_4_05	created	Assets/KamenAsset/KamenAnimClip/v1/DuplicatedFromFbx/Status/mn_cdkcn_02_status2_4/mn_cdkcn_02_ani__att_status2_4_05.anim	candidates=1
mn_cdkcn_02_ani__att_status2_4_06	created	Assets/KamenAsset/KamenAnimClip/v1/DuplicatedFromFbx/Status/mn_cdkcn_02_status2_4/mn_cdkcn_02_ani__att_status2_4_06.anim	candidates=1
mn_cdkcn_02_ani__att_status2_4_07	created	Assets/KamenAsset/KamenAnimClip/v1/DuplicatedFromFbx/Status/mn_cdkcn_02_status2_4/mn_cdkcn_02_ani__att_status2_4_07.anim	candidates=1
mn_cdkcn_02_ani__att_status2_4_08	created	Assets/KamenAsset/KamenAnimClip/v1/DuplicatedFromFbx/Status/mn_cdkcn_02_status2_4/mn_cdkcn_02_ani__att_status2_4_08.anim	candidates=1
mn_cdkcn_02_ani__att_status2_5_01	created	Assets/KamenAsset/KamenAnimClip/v1/DuplicatedFromFbx/Status/mn_cdkcn_02_status2_5/mn_cdkcn_02_ani__att_status2_5_01.anim	candidates=1
mn_cdkcn_02_ani__att_status2_5_02	created	Assets/KamenAsset/KamenAnimClip/v1/DuplicatedFromFbx/Status/mn_cdkcn_02_status2_5/mn_cdkcn_02_ani__att_status2_5_02.anim	candidates=1
mn_cdkcn_02_ani__att_status2_5_03	created	Assets/KamenAsset/KamenAnimClip/v1/DuplicatedFromFbx/Status/mn_cdkcn_02_status2_5/mn_cdkcn_02_ani__att_status2_5_03.anim	candidates=1
mn_cdkcn_02_ani__att_status2_5_04	created	Assets/KamenAsset/KamenAnimClip/v1/DuplicatedFromFbx/Status/mn_cdkcn_02_status2_5/mn_cdkcn_02_ani__att_status2_5_04.anim	candidates=1
mn_cdkcn_02_ani__att_status2_5_05	created	Assets/KamenAsset/KamenAnimClip/v1/DuplicatedFromFbx/Status/mn_cdkcn_02_status2_5/mn_cdkcn_02_ani__att_status2_5_05.anim	candidates=1
mn_cdkcn_02_ani__att_status2_5_06	created	Assets/KamenAsset/KamenAnimClip/v1/DuplicatedFromFbx/Status/mn_cdkcn_02_status2_5/mn_cdkcn_02_ani__att_status2_5_06.anim	candidates=1
mn_cdkcn_02_ani__att_status2_7_01	created	Assets/KamenAsset/KamenAnimClip/v1/DuplicatedFromFbx/Status/mn_cdkcn_02_status2_7/mn_cdkcn_02_ani__att_status2_7_01.anim	candidates=1
mn_cdkcn_02_ani__att_status2_7_02	created	Assets/KamenAsset/KamenAnimClip/v1/DuplicatedFromFbx/Status/mn_cdkcn_02_status2_7/mn_cdkcn_02_ani__att_status2_7_02.anim	candidates=1
mn_cdkcn_02_ani__idle_battle_1	created	Assets/KamenAsset/KamenAnimClip/v1/DuplicatedFromFbx/Idle/mn_cdkcn_02_idle_battle_1/mn_cdkcn_02_ani__idle_battle_1.anim	candidates=1
mn_cdkcn_02_ani__idle_normal_1	created	Assets/KamenAsset/KamenAnimClip/v1/DuplicatedFromFbx/Idle/mn_cdkcn_02_idle_1/mn_cdkcn_02_ani__idle_normal_1.anim	candidates=1
mn_cdkcn_02_ani__idle_status1_end_1	created	Assets/KamenAsset/KamenAnimClip/v1/DuplicatedFromFbx/Idle/mn_cdkcn_02_idle_status1_1/mn_cdkcn_02_ani__idle_status1_end_1.anim	candidates=1
mn_cdkcn_02_ani__idle_status1_end_2	created	Assets/KamenAsset/KamenAnimClip/v1/DuplicatedFromFbx/Idle/mn_cdkcn_02_idle_status1_2/mn_cdkcn_02_ani__idle_status1_end_2.anim	candidates=1
mn_cdkcn_02_ani__idle_status1_loop_1	created	Assets/KamenAsset/KamenAnimClip/v1/DuplicatedFromFbx/Idle/mn_cdkcn_02_idle_status1_1/mn_cdkcn_02_ani__idle_status1_loop_1.anim	candidates=1
mn_cdkcn_02_ani__idle_status1_start_1	created	Assets/KamenAsset/KamenAnimClip/v1/DuplicatedFromFbx/Idle/mn_cdkcn_02_idle_status1_1/mn_cdkcn_02_ani__idle_status1_start_1.anim	candidates=1
mn_cdkcn_02_ani__idle_status2_end_1	created	Assets/KamenAsset/KamenAnimClip/v1/DuplicatedFromFbx/Idle/mn_cdkcn_02_idle_status2_1/mn_cdkcn_02_ani__idle_status2_end_1.anim	candidates=1
mn_cdkcn_02_ani__idle_status2_loop_1	created	Assets/KamenAsset/KamenAnimClip/v1/DuplicatedFromFbx/Idle/mn_cdkcn_02_idle_status2_1/mn_cdkcn_02_ani__idle_status2_loop_1.anim	candidates=1
mn_cdkcn_02_ani__idle_status2_start_1	created	Assets/KamenAsset/KamenAnimClip/v1/DuplicatedFromFbx/Idle/mn_cdkcn_02_idle_status2_1/mn_cdkcn_02_ani__idle_status2_start_1.anim	candidates=1
mn_cdkcn_02_ani__idle_status3_end_2	created	Assets/KamenAsset/KamenAnimClip/v1/DuplicatedFromFbx/Idle/mn_cdkcn_02_idle_status3_2/mn_cdkcn_02_ani__idle_status3_end_2.anim	candidates=1
mn_cdkcn_02_ani__run_battle_1	created	Assets/KamenAsset/KamenAnimClip/v1/DuplicatedFromFbx/Run/mn_cdkcn_02_run_battle_1/mn_cdkcn_02_ani__run_battle_1.anim	candidates=1
mn_cdkcn_02_ani__run_status1_1	created	Assets/KamenAsset/KamenAnimClip/v1/DuplicatedFromFbx/Run/mn_cdkcn_02_run_status1_1/mn_cdkcn_02_ani__run_status1_1.anim	candidates=1
mn_cdkcn_02_ani__run_status2_1	created	Assets/KamenAsset/KamenAnimClip/v1/DuplicatedFromFbx/Run/mn_cdkcn_02_run_status2_1/mn_cdkcn_02_ani__run_status2_1.anim	candidates=1
mn_cdkcn_02_ani__turn_l_battle	created	Assets/KamenAsset/KamenAnimClip/v1/DuplicatedFromFbx/Turn/mn_cdkcn_02_turn_l_battle/mn_cdkcn_02_ani__turn_l_battle.anim	candidates=1
mn_cdkcn_02_ani__turn_l_status1	created	Assets/KamenAsset/KamenAnimClip/v1/DuplicatedFromFbx/Turn/mn_cdkcn_02_turn_l_status1/mn_cdkcn_02_ani__turn_l_status1.anim	candidates=1
mn_cdkcn_02_ani__turn_l_status2	created	Assets/KamenAsset/KamenAnimClip/v1/DuplicatedFromFbx/Turn/mn_cdkcn_02_turn_l_status2/mn_cdkcn_02_ani__turn_l_status2.anim	candidates=1
mn_cdkcn_02_ani__turn_r_battle	created	Assets/KamenAsset/KamenAnimClip/v1/DuplicatedFromFbx/Turn/mn_cdkcn_02_turn_r_battle/mn_cdkcn_02_ani__turn_r_battle.anim	candidates=1
mn_cdkcn_02_ani__turn_r_status1	created	Assets/KamenAsset/KamenAnimClip/v1/DuplicatedFromFbx/Turn/mn_cdkcn_02_turn_r_status1/mn_cdkcn_02_ani__turn_r_status1.anim	candidates=1
mn_cdkcn_02_ani__turn_r_status2	created	Assets/KamenAsset/KamenAnimClip/v1/DuplicatedFromFbx/Turn/mn_cdkcn_02_turn_r_status2/mn_cdkcn_02_ani__turn_r_status2.anim	candidates=1
mn_cdkcn_02_ani__walk_normal_1	created	Assets/KamenAsset/KamenAnimClip/v1/DuplicatedFromFbx/Walk/mn_cdkcn_02_walk_normal_1/mn_cdkcn_02_ani__walk_normal_1.anim	candidates=1
mn_cdkcn_02_ani__walk_status1_1	created	Assets/KamenAsset/KamenAnimClip/v1/DuplicatedFromFbx/Walk/mn_cdkcn_02_walk_status1_1/mn_cdkcn_02_ani__walk_status1_1.anim	candidates=1
mn_cdkcn_02_ani__walk_status2_1	created	Assets/KamenAsset/KamenAnimClip/v1/DuplicatedFromFbx/Walk/mn_cdkcn_02_walk_status2_1/mn_cdkcn_02_ani__walk_status2_1.anim	candidates=1
