"Mode"	"IsBackClip"	"ParamName"	"Guid"	"AssetPath"	"ClipPath"
"Back"	"True"	"mn_cdkcn_00_ani__att_battle_1_01_S"	"4e8f30271b494845be9957cb30219d85"	"Assets/_SO/Boss/AnimParam/Kamen_v1/Back/20_Attack_Battle/Battle_01/mn_cdkcn_00_ani__att_battle_1_01_S param.asset"	"Assets/KamenAsset/KamenAnimClip/v1/20_Attack_Battle/Battle_01/mn_cdkcn_00_ani__att_battle_1_01_S.anim"
"Back"	"True"	"mn_cdkcn_00_ani__att_status1_1_01_M"	"70fc1166ab354d3f91546134be546f3b"	"Assets/_SO/Boss/AnimParam/Kamen_v1/Back/21_Attack_Status1/Status1_01/mn_cdkcn_00_ani__att_status1_1_01_M param.asset"	"Assets/KamenAsset/KamenAnimClip/v1/21_Attack_Status1/Status1_01/mn_cdkcn_00_ani__att_status1_1_01_M.anim"
"Back"	"True"	"mn_cdkcn_00_ani__att_status1_1_02_M"	"9d3c8ae4501e4fa8ab5467d7551b1b14"	"Assets/_SO/Boss/AnimParam/Kamen_v1/Back/21_Attack_Status1/Status1_01/mn_cdkcn_00_ani__att_status1_1_02_M param.asset"	"Assets/KamenAsset/KamenAnimClip/v1/21_Attack_Status1/Status1_01/mn_cdkcn_00_ani__att_status1_1_02_M.anim"
"Back"	"True"	"mn_cdkcn_00_ani__att_status1_1_03_M"	"fde59faa3d4a42f7bb826aed68a38baa"	"Assets/_SO/Boss/AnimParam/Kamen_v1/Back/21_Attack_Status1/Status1_01/mn_cdkcn_00_ani__att_status1_1_03_M param.asset"	"Assets/KamenAsset/KamenAnimClip/v1/21_Attack_Status1/Status1_01/mn_cdkcn_00_ani__att_status1_1_03_M.anim"
"Back"	"True"	"mn_cdkcn_00_ani__att_status1_10_01_M"	"e14d351b479f44408ed0bf41acaa5273"	"Assets/_SO/Boss/AnimParam/Kamen_v1/Back/21_Attack_Status1/Status1_10/mn_cdkcn_00_ani__att_status1_10_01_M param.asset"	"Assets/KamenAsset/KamenAnimClip/v1/21_Attack_Status1/Status1_10/mn_cdkcn_00_ani__att_status1_10_01_M.anim"
"Back"	"True"	"mn_cdkcn_00_ani__att_status1_10_02_M"	"db5980cb2a9441c5a8aa5644bb738077"	"Assets/_SO/Boss/AnimParam/Kamen_v1/Back/21_Attack_Status1/Status1_10/mn_cdkcn_00_ani__att_status1_10_02_M param.asset"	"Assets/KamenAsset/KamenAnimClip/v1/21_Attack_Status1/Status1_10/mn_cdkcn_00_ani__att_status1_10_02_M.anim"
"Back"	"True"	"mn_cdkcn_00_ani__att_status1_10_03_M"	"6f43042e5abf4178bed611c519ead7bb"	"Assets/_SO/Boss/AnimParam/Kamen_v1/Back/21_Attack_Status1/Status1_10/mn_cdkcn_00_ani__att_status1_10_03_M param.asset"	"Assets/KamenAsset/KamenAnimClip/v1/21_Attack_Status1/Status1_10/mn_cdkcn_00_ani__att_status1_10_03_M.anim"
"Back"	"True"	"mn_cdkcn_00_ani__att_status1_11_01_M"	"6d4fe390464d4ac0ba07c81b306d7887"	"Assets/_SO/Boss/AnimParam/Kamen_v1/Back/21_Attack_Status1/Status1_11/mn_cdkcn_00_ani__att_status1_11_01_M param.asset"	"Assets/KamenAsset/KamenAnimClip/v1/21_Attack_Status1/Status1_11/mn_cdkcn_00_ani__att_status1_11_01_M.anim"
"Back"	"True"	"mn_cdkcn_00_ani__att_status1_11_02_M"	"0dce5e60eff74d87b1767130372ce512"	"Assets/_SO/Boss/AnimParam/Kamen_v1/Back/21_Attack_Status1/Status1_11/mn_cdkcn_00_ani__att_status1_11_02_M param.asset"	"Assets/KamenAsset/KamenAnimClip/v1/21_Attack_Status1/Status1_11/mn_cdkcn_00_ani__att_status1_11_02_M.anim"
"Back"	"True"	"mn_cdkcn_00_ani__att_status1_11_03_M"	"66f277ee2bff406dac707552bffc5085"	"Assets/_SO/Boss/AnimParam/Kamen_v1/Back/21_Attack_Status1/Status1_11/mn_cdkcn_00_ani__att_status1_11_03_M param.asset"	"Assets/KamenAsset/KamenAnimClip/v1/21_Attack_Status1/Status1_11/mn_cdkcn_00_ani__att_status1_11_03_M.anim"
"Back"	"True"	"mn_cdkcn_00_ani__att_status1_11_04_M"	"04f8113e515f4ef9b69efe98ccb58657"	"Assets/_SO/Boss/AnimParam/Kamen_v1/Back/21_Attack_Status1/Status1_11/mn_cdkcn_00_ani__att_status1_11_04_M param.asset"	"Assets/KamenAsset/KamenAnimClip/v1/21_Attack_Status1/Status1_11/mn_cdkcn_00_ani__att_status1_11_04_M.anim"
"Back"	"True"	"mn_cdkcn_00_ani__att_status1_11_05_M"	"789762fec28e4f108b8f698a4e6838d0"	"Assets/_SO/Boss/AnimParam/Kamen_v1/Back/21_Attack_Status1/Status1_11/mn_cdkcn_00_ani__att_status1_11_05_M param.asset"	"Assets/KamenAsset/KamenAnimClip/v1/21_Attack_Status1/Status1_11/mn_cdkcn_00_ani__att_status1_11_05_M.anim"
"Back"	"True"	"mn_cdkcn_00_ani__att_status1_11_06_M"	"57d80b52e0f14f0bb2db69989fbd5f91"	"Assets/_SO/Boss/AnimParam/Kamen_v1/Back/21_Attack_Status1/Status1_11/mn_cdkcn_00_ani__att_status1_11_06_M param.asset"	"Assets/KamenAsset/KamenAnimClip/v1/21_Attack_Status1/Status1_11/mn_cdkcn_00_ani__att_status1_11_06_M.anim"
"Back"	"True"	"mn_cdkcn_00_ani__att_status1_11_07_M"	"481d2d5f0b244aac97f3727faa3057b9"	"Assets/_SO/Boss/AnimParam/Kamen_v1/Back/21_Attack_Status1/Status1_11/mn_cdkcn_00_ani__att_status1_11_07_M param.asset"	"Assets/KamenAsset/KamenAnimClip/v1/21_Attack_Status1/Status1_11/mn_cdkcn_00_ani__att_status1_11_07_M.anim"
"Back"	"True"	"mn_cdkcn_00_ani__att_status1_11_08_M"	"ba77cf66f95e4817a85914b5d116c13d"	"Assets/_SO/Boss/AnimParam/Kamen_v1/Back/21_Attack_Status1/Status1_11/mn_cdkcn_00_ani__att_status1_11_08_M param.asset"	"Assets/KamenAsset/KamenAnimClip/v1/21_Attack_Status1/Status1_11/mn_cdkcn_00_ani__att_status1_11_08_M.anim"
"Back"	"True"	"mn_cdkcn_00_ani__att_status1_12_01_M"	"7a8b432260bd4cdf80812a0f882e80fe"	"Assets/_SO/Boss/AnimParam/Kamen_v1/Back/21_Attack_Status1/Status1_12/mn_cdkcn_00_ani__att_status1_12_01_M param.asset"	"Assets/KamenAsset/KamenAnimClip/v1/21_Attack_Status1/Status1_12/mn_cdkcn_00_ani__att_status1_12_01_M.anim"
"Back"	"True"	"mn_cdkcn_00_ani__att_status1_13_01_M"	"325badc752b64cadac658ccf8cd92980"	"Assets/_SO/Boss/AnimParam/Kamen_v1/Back/21_Attack_Status1/Status1_13/mn_cdkcn_00_ani__att_status1_13_01_M param.asset"	"Assets/KamenAsset/KamenAnimClip/v1/21_Attack_Status1/Status1_13/mn_cdkcn_00_ani__att_status1_13_01_M.anim"
"Back"	"True"	"mn_cdkcn_00_ani__att_status1_13_02_M"	"7695c31f18e6456a91029e4e5c7b9e07"	"Assets/_SO/Boss/AnimParam/Kamen_v1/Back/21_Attack_Status1/Status1_13/mn_cdkcn_00_ani__att_status1_13_02_M param.asset"	"Assets/KamenAsset/KamenAnimClip/v1/21_Attack_Status1/Status1_13/mn_cdkcn_00_ani__att_status1_13_02_M.anim"
"Back"	"True"	"mn_cdkcn_00_ani__att_status1_14_01_M"	"8ae04db8f92947b8ad74f6f37f0eed29"	"Assets/_SO/Boss/AnimParam/Kamen_v1/Back/21_Attack_Status1/Status1_14/mn_cdkcn_00_ani__att_status1_14_01_M param.asset"	"Assets/KamenAsset/KamenAnimClip/v1/21_Attack_Status1/Status1_14/mn_cdkcn_00_ani__att_status1_14_01_M.anim"
"Back"	"True"	"mn_cdkcn_00_ani__att_status1_14_02_M"	"faec620a5cec44bdbc15ca0693d4a1dc"	"Assets/_SO/Boss/AnimParam/Kamen_v1/Back/21_Attack_Status1/Status1_14/mn_cdkcn_00_ani__att_status1_14_02_M param.asset"	"Assets/KamenAsset/KamenAnimClip/v1/21_Attack_Status1/Status1_14/mn_cdkcn_00_ani__att_status1_14_02_M.anim"
"Back"	"True"	"mn_cdkcn_00_ani__att_status1_15_01_M"	"7ac9d8cc7a5b4128b30e89966219cf44"	"Assets/_SO/Boss/AnimParam/Kamen_v1/Back/21_Attack_Status1/Status1_15/mn_cdkcn_00_ani__att_status1_15_01_M param.asset"	"Assets/KamenAsset/KamenAnimClip/v1/21_Attack_Status1/Status1_15/mn_cdkcn_00_ani__att_status1_15_01_M.anim"
"Back"	"True"	"mn_cdkcn_00_ani__att_status1_15_02_M"	"0431019738884bbe998badfde5731857"	"Assets/_SO/Boss/AnimParam/Kamen_v1/Back/21_Attack_Status1/Status1_15/mn_cdkcn_00_ani__att_status1_15_02_M param.asset"	"Assets/KamenAsset/KamenAnimClip/v1/21_Attack_Status1/Status1_15/mn_cdkcn_00_ani__att_status1_15_02_M.anim"
"Back"	"True"	"mn_cdkcn_00_ani__att_status1_15_03_M"	"94f86ae6e3664287aaee0adaf51decc0"	"Assets/_SO/Boss/AnimParam/Kamen_v1/Back/21_Attack_Status1/Status1_15/mn_cdkcn_00_ani__att_status1_15_03_M param.asset"	"Assets/KamenAsset/KamenAnimClip/v1/21_Attack_Status1/Status1_15/mn_cdkcn_00_ani__att_status1_15_03_M.anim"
"Back"	"True"	"mn_cdkcn_00_ani__att_status1_15_04_M"	"6eedd323dc434a34b42161d4e5e650c9"	"Assets/_SO/Boss/AnimParam/Kamen_v1/Back/21_Attack_Status1/Status1_15/mn_cdkcn_00_ani__att_status1_15_04_M param.asset"	"Assets/KamenAsset/KamenAnimClip/v1/21_Attack_Status1/Status1_15/mn_cdkcn_00_ani__att_status1_15_04_M.anim"
"Back"	"True"	"mn_cdkcn_00_ani__att_status1_16_01_M"	"ebceb8319a3a48e694a86050d0102405"	"Assets/_SO/Boss/AnimParam/Kamen_v1/Back/21_Attack_Status1/Status1_16/mn_cdkcn_00_ani__att_status1_16_01_M param.asset"	"Assets/KamenAsset/KamenAnimClip/v1/21_Attack_Status1/Status1_16/mn_cdkcn_00_ani__att_status1_16_01_M.anim"
"Back"	"True"	"mn_cdkcn_00_ani__att_status1_16_02_M"	"40e63948a67e4c4f9404a4c26e26223d"	"Assets/_SO/Boss/AnimParam/Kamen_v1/Back/21_Attack_Status1/Status1_16/mn_cdkcn_00_ani__att_status1_16_02_M param.asset"	"Assets/KamenAsset/KamenAnimClip/v1/21_Attack_Status1/Status1_16/mn_cdkcn_00_ani__att_status1_16_02_M.anim"
"Back"	"True"	"mn_cdkcn_00_ani__att_status1_16_03_M"	"84b3168e0220412abe77a85e608a8a47"	"Assets/_SO/Boss/AnimParam/Kamen_v1/Back/21_Attack_Status1/Status1_16/mn_cdkcn_00_ani__att_status1_16_03_M param.asset"	"Assets/KamenAsset/KamenAnimClip/v1/21_Attack_Status1/Status1_16/mn_cdkcn_00_ani__att_status1_16_03_M.anim"
"Back"	"True"	"mn_cdkcn_00_ani__att_status1_16_04_M"	"1307d0331f934a98a0157d9e6899c589"	"Assets/_SO/Boss/AnimParam/Kamen_v1/Back/21_Attack_Status1/Status1_16/mn_cdkcn_00_ani__att_status1_16_04_M param.asset"	"Assets/KamenAsset/KamenAnimClip/v1/21_Attack_Status1/Status1_16/mn_cdkcn_00_ani__att_status1_16_04_M.anim"
"Back"	"True"	"mn_cdkcn_00_ani__att_status1_16_05_M"	"e620d963af4e422384de436ef8cbd2c6"	"Assets/_SO/Boss/AnimParam/Kamen_v1/Back/21_Attack_Status1/Status1_16/mn_cdkcn_00_ani__att_status1_16_05_M param.asset"	"Assets/KamenAsset/KamenAnimClip/v1/21_Attack_Status1/Status1_16/mn_cdkcn_00_ani__att_status1_16_05_M.anim"
"Back"	"True"	"mn_cdkcn_00_ani__att_status1_16_06_M"	"beda368230fc4148a8a9e4e7fdab1ab5"	"Assets/_SO/Boss/AnimParam/Kamen_v1/Back/21_Attack_Status1/Status1_16/mn_cdkcn_00_ani__att_status1_16_06_M param.asset"	"Assets/KamenAsset/KamenAnimClip/v1/21_Attack_Status1/Status1_16/mn_cdkcn_00_ani__att_status1_16_06_M.anim"
"Back"	"True"	"mn_cdkcn_00_ani__att_status1_16_07_M"	"2854475ea9d44681a413c846729676fb"	"Assets/_SO/Boss/AnimParam/Kamen_v1/Back/21_Attack_Status1/Status1_16/mn_cdkcn_00_ani__att_status1_16_07_M param.asset"	"Assets/KamenAsset/KamenAnimClip/v1/21_Attack_Status1/Status1_16/mn_cdkcn_00_ani__att_status1_16_07_M.anim"
"Back"	"True"	"mn_cdkcn_00_ani__att_status1_16_08_M"	"db7dcbd40a6d498b89e497f6a212ee47"	"Assets/_SO/Boss/AnimParam/Kamen_v1/Back/21_Attack_Status1/Status1_16/mn_cdkcn_00_ani__att_status1_16_08_M param.asset"	"Assets/KamenAsset/KamenAnimClip/v1/21_Attack_Status1/Status1_16/mn_cdkcn_00_ani__att_status1_16_08_M.anim"
"Back"	"True"	"mn_cdkcn_00_ani__att_status1_16_09_M"	"dfbb6f8b19f54409895f31444607bfe2"	"Assets/_SO/Boss/AnimParam/Kamen_v1/Back/21_Attack_Status1/Status1_16/mn_cdkcn_00_ani__att_status1_16_09_M param.asset"	"Assets/KamenAsset/KamenAnimClip/v1/21_Attack_Status1/Status1_16/mn_cdkcn_00_ani__att_status1_16_09_M.anim"
"Back"	"True"	"mn_cdkcn_00_ani__att_status1_16_10_M"	"b879d3b2be7b4d9abd82058208ded5d1"	"Assets/_SO/Boss/AnimParam/Kamen_v1/Back/21_Attack_Status1/Status1_16/mn_cdkcn_00_ani__att_status1_16_10_M param.asset"	"Assets/KamenAsset/KamenAnimClip/v1/21_Attack_Status1/Status1_16/mn_cdkcn_00_ani__att_status1_16_10_M.anim"
"Back"	"True"	"mn_cdkcn_00_ani__att_status1_16_11_M"	"b64ad82af35f452f957ce34236e5e99d"	"Assets/_SO/Boss/AnimParam/Kamen_v1/Back/21_Attack_Status1/Status1_16/mn_cdkcn_00_ani__att_status1_16_11_M param.asset"	"Assets/KamenAsset/KamenAnimClip/v1/21_Attack_Status1/Status1_16/mn_cdkcn_00_ani__att_status1_16_11_M.anim"
"Back"	"True"	"mn_cdkcn_00_ani__att_status1_17_01_M"	"6651187a9b234b28ab2fd855832ace22"	"Assets/_SO/Boss/AnimParam/Kamen_v1/Back/21_Attack_Status1/Status1_17/mn_cdkcn_00_ani__att_status1_17_01_M param.asset"	"Assets/KamenAsset/KamenAnimClip/v1/21_Attack_Status1/Status1_17/mn_cdkcn_00_ani__att_status1_17_01_M.anim"
"Back"	"True"	"mn_cdkcn_00_ani__att_status1_17_02_M"	"60b7981efbe841a797985ac8a3cfcb3c"	"Assets/_SO/Boss/AnimParam/Kamen_v1/Back/21_Attack_Status1/Status1_17/mn_cdkcn_00_ani__att_status1_17_02_M param.asset"	"Assets/KamenAsset/KamenAnimClip/v1/21_Attack_Status1/Status1_17/mn_cdkcn_00_ani__att_status1_17_02_M.anim"
"Back"	"True"	"mn_cdkcn_00_ani__att_status1_17_03_M"	"6f381ac8cdf44be0bf94e4e6ff996e31"	"Assets/_SO/Boss/AnimParam/Kamen_v1/Back/21_Attack_Status1/Status1_17/mn_cdkcn_00_ani__att_status1_17_03_M param.asset"	"Assets/KamenAsset/KamenAnimClip/v1/21_Attack_Status1/Status1_17/mn_cdkcn_00_ani__att_status1_17_03_M.anim"
"Back"	"True"	"mn_cdkcn_00_ani__att_status1_17_04_M"	"49ac2655e2774546945895e84a249779"	"Assets/_SO/Boss/AnimParam/Kamen_v1/Back/21_Attack_Status1/Status1_17/mn_cdkcn_00_ani__att_status1_17_04_M param.asset"	"Assets/KamenAsset/KamenAnimClip/v1/21_Attack_Status1/Status1_17/mn_cdkcn_00_ani__att_status1_17_04_M.anim"
"Back"	"True"	"mn_cdkcn_00_ani__att_status1_18_01_M"	"740cc35fd18f4067a1eacac9307189a3"	"Assets/_SO/Boss/AnimParam/Kamen_v1/Back/21_Attack_Status1/Status1_18/mn_cdkcn_00_ani__att_status1_18_01_M param.asset"	"Assets/KamenAsset/KamenAnimClip/v1/21_Attack_Status1/Status1_18/mn_cdkcn_00_ani__att_status1_18_01_M.anim"
"Back"	"True"	"mn_cdkcn_00_ani__att_status1_18_02_M"	"6f55c0b79ebe4c829b8c43d6362d4434"	"Assets/_SO/Boss/AnimParam/Kamen_v1/Back/21_Attack_Status1/Status1_18/mn_cdkcn_00_ani__att_status1_18_02_M param.asset"	"Assets/KamenAsset/KamenAnimClip/v1/21_Attack_Status1/Status1_18/mn_cdkcn_00_ani__att_status1_18_02_M.anim"
"Back"	"True"	"mn_cdkcn_00_ani__att_status1_18_03_M"	"2dd91f02c21f4a968076b1d4fb822d50"	"Assets/_SO/Boss/AnimParam/Kamen_v1/Back/21_Attack_Status1/Status1_18/mn_cdkcn_00_ani__att_status1_18_03_M param.asset"	"Assets/KamenAsset/KamenAnimClip/v1/21_Attack_Status1/Status1_18/mn_cdkcn_00_ani__att_status1_18_03_M.anim"
"Back"	"True"	"mn_cdkcn_00_ani__att_status1_18_04_M"	"6890c2e5071f4ab8aaa6a13254dcdd6d"	"Assets/_SO/Boss/AnimParam/Kamen_v1/Back/21_Attack_Status1/Status1_18/mn_cdkcn_00_ani__att_status1_18_04_M param.asset"	"Assets/KamenAsset/KamenAnimClip/v1/21_Attack_Status1/Status1_18/mn_cdkcn_00_ani__att_status1_18_04_M.anim"
"Back"	"True"	"mn_cdkcn_00_ani__att_status1_19_01_M"	"b4c0b10323364e9ca88d2781b257b0bd"	"Assets/_SO/Boss/AnimParam/Kamen_v1/Back/21_Attack_Status1/Status1_19/mn_cdkcn_00_ani__att_status1_19_01_M param.asset"	"Assets/KamenAsset/KamenAnimClip/v1/21_Attack_Status1/Status1_19/mn_cdkcn_00_ani__att_status1_19_01_M.anim"
"Back"	"True"	"mn_cdkcn_00_ani__att_status1_20_01_M"	"146015ae4b4847aa8d08ec7a1d6af3e3"	"Assets/_SO/Boss/AnimParam/Kamen_v1/Back/21_Attack_Status1/Status1_20/mn_cdkcn_00_ani__att_status1_20_01_M param.asset"	"Assets/KamenAsset/KamenAnimClip/v1/21_Attack_Status1/Status1_20/mn_cdkcn_00_ani__att_status1_20_01_M.anim"
"Back"	"True"	"mn_cdkcn_00_ani__att_status1_20_02_M"	"61966fad139648449c722c82bfcf08c4"	"Assets/_SO/Boss/AnimParam/Kamen_v1/Back/21_Attack_Status1/Status1_20/mn_cdkcn_00_ani__att_status1_20_02_M param.asset"	"Assets/KamenAsset/KamenAnimClip/v1/21_Attack_Status1/Status1_20/mn_cdkcn_00_ani__att_status1_20_02_M.anim"
"Back"	"True"	"mn_cdkcn_00_ani__att_status1_20_03_M"	"ee1ede4817744b42af59d89feec4ccba"	"Assets/_SO/Boss/AnimParam/Kamen_v1/Back/21_Attack_Status1/Status1_20/mn_cdkcn_00_ani__att_status1_20_03_M param.asset"	"Assets/KamenAsset/KamenAnimClip/v1/21_Attack_Status1/Status1_20/mn_cdkcn_00_ani__att_status1_20_03_M.anim"
"Back"	"True"	"mn_cdkcn_00_ani__att_status1_21_01_M"	"9e1f39f105874f8f83e0dc76404b610e"	"Assets/_SO/Boss/AnimParam/Kamen_v1/Back/21_Attack_Status1/Status1_21/mn_cdkcn_00_ani__att_status1_21_01_M param.asset"	"Assets/KamenAsset/KamenAnimClip/v1/21_Attack_Status1/Status1_21/mn_cdkcn_00_ani__att_status1_21_01_M.anim"
"Back"	"True"	"mn_cdkcn_00_ani__att_status1_21_02_M"	"0f00537e52cd4bbbba8495460704ad16"	"Assets/_SO/Boss/AnimParam/Kamen_v1/Back/21_Attack_Status1/Status1_21/mn_cdkcn_00_ani__att_status1_21_02_M param.asset"	"Assets/KamenAsset/KamenAnimClip/v1/21_Attack_Status1/Status1_21/mn_cdkcn_00_ani__att_status1_21_02_M.anim"
"Back"	"True"	"mn_cdkcn_00_ani__att_status1_21_03_M"	"033eedabc239425f921219394ac4773d"	"Assets/_SO/Boss/AnimParam/Kamen_v1/Back/21_Attack_Status1/Status1_21/mn_cdkcn_00_ani__att_status1_21_03_M param.asset"	"Assets/KamenAsset/KamenAnimClip/v1/21_Attack_Status1/Status1_21/mn_cdkcn_00_ani__att_status1_21_03_M.anim"
"Back"	"True"	"mn_cdkcn_00_ani__att_status1_21_fx_1_M"	"9b2e6238c7b8456f95e31703fb23968b"	"Assets/_SO/Boss/AnimParam/Kamen_v1/Back/21_Attack_Status1/Status1_21/mn_cdkcn_00_ani__att_status1_21_fx_1_M param.asset"	"Assets/KamenAsset/KamenAnimClip/v1/21_Attack_Status1/Status1_21/mn_cdkcn_00_ani__att_status1_21_fx_1_M.anim"
"Back"	"True"	"mn_cdkcn_00_ani__att_status1_21_fx_2_M"	"2cac904b4591475bb60fa2b11c719b0a"	"Assets/_SO/Boss/AnimParam/Kamen_v1/Back/21_Attack_Status1/Status1_21/mn_cdkcn_00_ani__att_status1_21_fx_2_M param.asset"	"Assets/KamenAsset/KamenAnimClip/v1/21_Attack_Status1/Status1_21/mn_cdkcn_00_ani__att_status1_21_fx_2_M.anim"
"Back"	"True"	"mn_cdkcn_00_ani__att_status1_21_fx_3_M"	"0d628330048c4362859b4375373cfaae"	"Assets/_SO/Boss/AnimParam/Kamen_v1/Back/21_Attack_Status1/Status1_21/mn_cdkcn_00_ani__att_status1_21_fx_3_M param.asset"	"Assets/KamenAsset/KamenAnimClip/v1/21_Attack_Status1/Status1_21/mn_cdkcn_00_ani__att_status1_21_fx_3_M.anim"
"Back"	"True"	"mn_cdkcn_00_ani__att_status1_22_01_M"	"6a7922a3bb4b4b9ba3e6bf20637e9c2f"	"Assets/_SO/Boss/AnimParam/Kamen_v1/Back/21_Attack_Status1/Status1_22/mn_cdkcn_00_ani__att_status1_22_01_M param.asset"	"Assets/KamenAsset/KamenAnimClip/v1/21_Attack_Status1/Status1_22/mn_cdkcn_00_ani__att_status1_22_01_M.anim"
"Back"	"True"	"mn_cdkcn_00_ani__att_status1_22_02_M"	"0cb44464ffe0430891cee6363e97b094"	"Assets/_SO/Boss/AnimParam/Kamen_v1/Back/21_Attack_Status1/Status1_22/mn_cdkcn_00_ani__att_status1_22_02_M param.asset"	"Assets/KamenAsset/KamenAnimClip/v1/21_Attack_Status1/Status1_22/mn_cdkcn_00_ani__att_status1_22_02_M.anim"
"Back"	"True"	"mn_cdkcn_00_ani__att_status1_22_03_M"	"7daf8c00d8ef483f8faa7af32ef0bbd4"	"Assets/_SO/Boss/AnimParam/Kamen_v1/Back/21_Attack_Status1/Status1_22/mn_cdkcn_00_ani__att_status1_22_03_M param.asset"	"Assets/KamenAsset/KamenAnimClip/v1/21_Attack_Status1/Status1_22/mn_cdkcn_00_ani__att_status1_22_03_M.anim"
"Back"	"True"	"mn_cdkcn_00_ani__att_status1_23_01_M"	"fad6e29c01574ec6a342b58607b5462e"	"Assets/_SO/Boss/AnimParam/Kamen_v1/Back/21_Attack_Status1/Status1_23/mn_cdkcn_00_ani__att_status1_23_01_M param.asset"	"Assets/KamenAsset/KamenAnimClip/v1/21_Attack_Status1/Status1_23/mn_cdkcn_00_ani__att_status1_23_01_M.anim"
"Back"	"True"	"mn_cdkcn_00_ani__att_status1_23_02_M"	"038e0c4709d54067aa494408c6e8aaef"	"Assets/_SO/Boss/AnimParam/Kamen_v1/Back/21_Attack_Status1/Status1_23/mn_cdkcn_00_ani__att_status1_23_02_M param.asset"	"Assets/KamenAsset/KamenAnimClip/v1/21_Attack_Status1/Status1_23/mn_cdkcn_00_ani__att_status1_23_02_M.anim"
"Back"	"True"	"mn_cdkcn_00_ani__att_status1_23_03_M"	"62f2781838c74e8e8debad800d07656d"	"Assets/_SO/Boss/AnimParam/Kamen_v1/Back/21_Attack_Status1/Status1_23/mn_cdkcn_00_ani__att_status1_23_03_M param.asset"	"Assets/KamenAsset/KamenAnimClip/v1/21_Attack_Status1/Status1_23/mn_cdkcn_00_ani__att_status1_23_03_M.anim"
"Back"	"True"	"mn_cdkcn_00_ani__att_status1_23_04_M"	"6d65baab94c84e30b1b58a75e3d6558c"	"Assets/_SO/Boss/AnimParam/Kamen_v1/Back/21_Attack_Status1/Status1_23/mn_cdkcn_00_ani__att_status1_23_04_M param.asset"	"Assets/KamenAsset/KamenAnimClip/v1/21_Attack_Status1/Status1_23/mn_cdkcn_00_ani__att_status1_23_04_M.anim"
"Back"	"True"	"mn_cdkcn_00_ani__att_status1_23_05_M"	"7dd3f64915ef47168618ebecc02f8e28"	"Assets/_SO/Boss/AnimParam/Kamen_v1/Back/21_Attack_Status1/Status1_23/mn_cdkcn_00_ani__att_status1_23_05_M param.asset"	"Assets/KamenAsset/KamenAnimClip/v1/21_Attack_Status1/Status1_23/mn_cdkcn_00_ani__att_status1_23_05_M.anim"
"Back"	"True"	"mn_cdkcn_00_ani__att_status1_23_06_M"	"00942f98e6f74378ad7a609d29c4fc2b"	"Assets/_SO/Boss/AnimParam/Kamen_v1/Back/21_Attack_Status1/Status1_23/mn_cdkcn_00_ani__att_status1_23_06_M param.asset"	"Assets/KamenAsset/KamenAnimClip/v1/21_Attack_Status1/Status1_23/mn_cdkcn_00_ani__att_status1_23_06_M.anim"
"Back"	"True"	"mn_cdkcn_00_ani__att_status1_24_01_M"	"d0542799992243609cbaf7c968a8202b"	"Assets/_SO/Boss/AnimParam/Kamen_v1/Back/21_Attack_Status1/Status1_24/mn_cdkcn_00_ani__att_status1_24_01_M param.asset"	"Assets/KamenAsset/KamenAnimClip/v1/21_Attack_Status1/Status1_24/mn_cdkcn_00_ani__att_status1_24_01_M.anim"
"Back"	"True"	"mn_cdkcn_00_ani__att_status1_24_02_M"	"2f7faaaa55e64b8dbdf6117eac8e8384"	"Assets/_SO/Boss/AnimParam/Kamen_v1/Back/21_Attack_Status1/Status1_24/mn_cdkcn_00_ani__att_status1_24_02_M param.asset"	"Assets/KamenAsset/KamenAnimClip/v1/21_Attack_Status1/Status1_24/mn_cdkcn_00_ani__att_status1_24_02_M.anim"
"Back"	"True"	"mn_cdkcn_00_ani__att_status1_24_03_M"	"497f56291543484cae187699366b3222"	"Assets/_SO/Boss/AnimParam/Kamen_v1/Back/21_Attack_Status1/Status1_24/mn_cdkcn_00_ani__att_status1_24_03_M param.asset"	"Assets/KamenAsset/KamenAnimClip/v1/21_Attack_Status1/Status1_24/mn_cdkcn_00_ani__att_status1_24_03_M.anim"
"Back"	"True"	"mn_cdkcn_00_ani__att_status1_25_01_M"	"d00b6705a5c74f6a9e5d86792dbf4b79"	"Assets/_SO/Boss/AnimParam/Kamen_v1/Back/21_Attack_Status1/Status1_25/mn_cdkcn_00_ani__att_status1_25_01_M param.asset"	"Assets/KamenAsset/KamenAnimClip/v1/21_Attack_Status1/Status1_25/mn_cdkcn_00_ani__att_status1_25_01_M.anim"
"Back"	"True"	"mn_cdkcn_00_ani__att_status1_25_02_M"	"f8ea5ce2bf704a67a10ff7844422c3b5"	"Assets/_SO/Boss/AnimParam/Kamen_v1/Back/21_Attack_Status1/Status1_25/mn_cdkcn_00_ani__att_status1_25_02_M param.asset"	"Assets/KamenAsset/KamenAnimClip/v1/21_Attack_Status1/Status1_25/mn_cdkcn_00_ani__att_status1_25_02_M.anim"
"Back"	"True"	"mn_cdkcn_00_ani__att_status1_25_03_M"	"5f3475c240f44dbbb859e199444b2edb"	"Assets/_SO/Boss/AnimParam/Kamen_v1/Back/21_Attack_Status1/Status1_25/mn_cdkcn_00_ani__att_status1_25_03_M param.asset"	"Assets/KamenAsset/KamenAnimClip/v1/21_Attack_Status1/Status1_25/mn_cdkcn_00_ani__att_status1_25_03_M.anim"
"Back"	"True"	"mn_cdkcn_00_ani__att_status1_25_04_M"	"b952a381321343b48e2a810dc32cbd7d"	"Assets/_SO/Boss/AnimParam/Kamen_v1/Back/21_Attack_Status1/Status1_25/mn_cdkcn_00_ani__att_status1_25_04_M param.asset"	"Assets/KamenAsset/KamenAnimClip/v1/21_Attack_Status1/Status1_25/mn_cdkcn_00_ani__att_status1_25_04_M.anim"
"Back"	"True"	"mn_cdkcn_00_ani__att_status1_26_01_M"	"d2afc3fd2ce34539ae5f861dbf95bbad"	"Assets/_SO/Boss/AnimParam/Kamen_v1/Back/21_Attack_Status1/Status1_26/mn_cdkcn_00_ani__att_status1_26_01_M param.asset"	"Assets/KamenAsset/KamenAnimClip/v1/21_Attack_Status1/Status1_26/mn_cdkcn_00_ani__att_status1_26_01_M.anim"
"Back"	"True"	"mn_cdkcn_00_ani__att_status1_26_02_M"	"ee987246782d47f1ae0c7f2d835e5039"	"Assets/_SO/Boss/AnimParam/Kamen_v1/Back/21_Attack_Status1/Status1_26/mn_cdkcn_00_ani__att_status1_26_02_M param.asset"	"Assets/KamenAsset/KamenAnimClip/v1/21_Attack_Status1/Status1_26/mn_cdkcn_00_ani__att_status1_26_02_M.anim"
"Back"	"True"	"mn_cdkcn_00_ani__att_status1_26_03_M"	"6a71aaf05a9e4419860d54de6f20f8c9"	"Assets/_SO/Boss/AnimParam/Kamen_v1/Back/21_Attack_Status1/Status1_26/mn_cdkcn_00_ani__att_status1_26_03_M param.asset"	"Assets/KamenAsset/KamenAnimClip/v1/21_Attack_Status1/Status1_26/mn_cdkcn_00_ani__att_status1_26_03_M.anim"
"Back"	"True"	"mn_cdkcn_00_ani__att_status1_27_01_M"	"3d9c02bb72784e64a4764eb3795f4172"	"Assets/_SO/Boss/AnimParam/Kamen_v1/Back/21_Attack_Status1/Status1_27/mn_cdkcn_00_ani__att_status1_27_01_M param.asset"	"Assets/KamenAsset/KamenAnimClip/v1/21_Attack_Status1/Status1_27/mn_cdkcn_00_ani__att_status1_27_01_M.anim"
"Back"	"True"	"mn_cdkcn_00_ani__att_status1_27_02_M"	"34cc2d3f52e94cb3ac27bea1c665d71c"	"Assets/_SO/Boss/AnimParam/Kamen_v1/Back/21_Attack_Status1/Status1_27/mn_cdkcn_00_ani__att_status1_27_02_M param.asset"	"Assets/KamenAsset/KamenAnimClip/v1/21_Attack_Status1/Status1_27/mn_cdkcn_00_ani__att_status1_27_02_M.anim"
"Back"	"True"	"mn_cdkcn_00_ani__att_status1_27_03_M"	"2401d0d205334584964905ab8372e7b9"	"Assets/_SO/Boss/AnimParam/Kamen_v1/Back/21_Attack_Status1/Status1_27/mn_cdkcn_00_ani__att_status1_27_03_M param.asset"	"Assets/KamenAsset/KamenAnimClip/v1/21_Attack_Status1/Status1_27/mn_cdkcn_00_ani__att_status1_27_03_M.anim"
"Back"	"True"	"mn_cdkcn_00_ani__att_status1_28_01_M"	"7f19c1ead6674305bdb336953bbe31e2"	"Assets/_SO/Boss/AnimParam/Kamen_v1/Back/21_Attack_Status1/Status1_28/mn_cdkcn_00_ani__att_status1_28_01_M param.asset"	"Assets/KamenAsset/KamenAnimClip/v1/21_Attack_Status1/Status1_28/mn_cdkcn_00_ani__att_status1_28_01_M.anim"
"Back"	"True"	"mn_cdkcn_00_ani__att_status1_28_02_M"	"1e34b303a406497c853487056cd9f93c"	"Assets/_SO/Boss/AnimParam/Kamen_v1/Back/21_Attack_Status1/Status1_28/mn_cdkcn_00_ani__att_status1_28_02_M param.asset"	"Assets/KamenAsset/KamenAnimClip/v1/21_Attack_Status1/Status1_28/mn_cdkcn_00_ani__att_status1_28_02_M.anim"
"Back"	"True"	"mn_cdkcn_00_ani__att_status1_28_03_M"	"6e930a721a8a4df8b0d39e0a181d9a7a"	"Assets/_SO/Boss/AnimParam/Kamen_v1/Back/21_Attack_Status1/Status1_28/mn_cdkcn_00_ani__att_status1_28_03_M param.asset"	"Assets/KamenAsset/KamenAnimClip/v1/21_Attack_Status1/Status1_28/mn_cdkcn_00_ani__att_status1_28_03_M.anim"
"Back"	"True"	"mn_cdkcn_00_ani__att_status1_4_01_M"	"789681854da64d81aca875135d02a6ac"	"Assets/_SO/Boss/AnimParam/Kamen_v1/Back/21_Attack_Status1/Status1_04/mn_cdkcn_00_ani__att_status1_4_01_M param.asset"	"Assets/KamenAsset/KamenAnimClip/v1/21_Attack_Status1/Status1_04/mn_cdkcn_00_ani__att_status1_4_01_M.anim"
"Back"	"True"	"mn_cdkcn_00_ani__att_status1_4_02_M"	"fdaf1763d7c6478cb0410469a537221b"	"Assets/_SO/Boss/AnimParam/Kamen_v1/Back/21_Attack_Status1/Status1_04/mn_cdkcn_00_ani__att_status1_4_02_M param.asset"	"Assets/KamenAsset/KamenAnimClip/v1/21_Attack_Status1/Status1_04/mn_cdkcn_00_ani__att_status1_4_02_M.anim"
"Back"	"True"	"mn_cdkcn_00_ani__att_status1_4_03_M"	"d748abadd39d4c659ce0f72a94cde0c5"	"Assets/_SO/Boss/AnimParam/Kamen_v1/Back/21_Attack_Status1/Status1_04/mn_cdkcn_00_ani__att_status1_4_03_M param.asset"	"Assets/KamenAsset/KamenAnimClip/v1/21_Attack_Status1/Status1_04/mn_cdkcn_00_ani__att_status1_4_03_M.anim"
"Back"	"True"	"mn_cdkcn_00_ani__att_status1_4_04_M"	"c12af030a12e4e41925cc5100fcad809"	"Assets/_SO/Boss/AnimParam/Kamen_v1/Back/21_Attack_Status1/Status1_04/mn_cdkcn_00_ani__att_status1_4_04_M param.asset"	"Assets/KamenAsset/KamenAnimClip/v1/21_Attack_Status1/Status1_04/mn_cdkcn_00_ani__att_status1_4_04_M.anim"
"Back"	"True"	"mn_cdkcn_00_ani__att_status1_4_05_M"	"c0415e79fd72492db7a900376066faec"	"Assets/_SO/Boss/AnimParam/Kamen_v1/Back/21_Attack_Status1/Status1_04/mn_cdkcn_00_ani__att_status1_4_05_M param.asset"	"Assets/KamenAsset/KamenAnimClip/v1/21_Attack_Status1/Status1_04/mn_cdkcn_00_ani__att_status1_4_05_M.anim"
"Back"	"True"	"mn_cdkcn_00_ani__att_status1_4_06_M"	"0b4c974a9e4a432292b777e222f09dfe"	"Assets/_SO/Boss/AnimParam/Kamen_v1/Back/21_Attack_Status1/Status1_04/mn_cdkcn_00_ani__att_status1_4_06_M param.asset"	"Assets/KamenAsset/KamenAnimClip/v1/21_Attack_Status1/Status1_04/mn_cdkcn_00_ani__att_status1_4_06_M.anim"
"Back"	"True"	"mn_cdkcn_00_ani__att_status1_4_07_M"	"7cb3a00188f04a7bad61ce0da056612d"	"Assets/_SO/Boss/AnimParam/Kamen_v1/Back/21_Attack_Status1/Status1_04/mn_cdkcn_00_ani__att_status1_4_07_M param.asset"	"Assets/KamenAsset/KamenAnimClip/v1/21_Attack_Status1/Status1_04/mn_cdkcn_00_ani__att_status1_4_07_M.anim"
"Back"	"True"	"mn_cdkcn_00_ani__att_status1_4_08_M"	"cdc4431b7a654b41a944379ca57dfa23"	"Assets/_SO/Boss/AnimParam/Kamen_v1/Back/21_Attack_Status1/Status1_04/mn_cdkcn_00_ani__att_status1_4_08_M param.asset"	"Assets/KamenAsset/KamenAnimClip/v1/21_Attack_Status1/Status1_04/mn_cdkcn_00_ani__att_status1_4_08_M.anim"
"Back"	"True"	"mn_cdkcn_00_ani__att_status1_4_10_M"	"c7d957b284fc4d21a8e98367c4f81c08"	"Assets/_SO/Boss/AnimParam/Kamen_v1/Back/21_Attack_Status1/Status1_04/mn_cdkcn_00_ani__att_status1_4_10_M param.asset"	"Assets/KamenAsset/KamenAnimClip/v1/21_Attack_Status1/Status1_04/mn_cdkcn_00_ani__att_status1_4_10_M.anim"
"Back"	"True"	"mn_cdkcn_00_ani__att_status1_4_11_M"	"d57f3cb8b95a45748d2320834ebf5d6c"	"Assets/_SO/Boss/AnimParam/Kamen_v1/Back/21_Attack_Status1/Status1_04/mn_cdkcn_00_ani__att_status1_4_11_M param.asset"	"Assets/KamenAsset/KamenAnimClip/v1/21_Attack_Status1/Status1_04/mn_cdkcn_00_ani__att_status1_4_11_M.anim"
"Back"	"True"	"mn_cdkcn_00_ani__att_status1_4_12_M"	"fff4038eb8b9417cbbe07710113b8e5c"	"Assets/_SO/Boss/AnimParam/Kamen_v1/Back/21_Attack_Status1/Status1_04/mn_cdkcn_00_ani__att_status1_4_12_M param.asset"	"Assets/KamenAsset/KamenAnimClip/v1/21_Attack_Status1/Status1_04/mn_cdkcn_00_ani__att_status1_4_12_M.anim"
"Back"	"True"	"mn_cdkcn_00_ani__att_status1_4_13_M"	"09d517ad4e5e41b693b499886c191163"	"Assets/_SO/Boss/AnimParam/Kamen_v1/Back/21_Attack_Status1/Status1_04/mn_cdkcn_00_ani__att_status1_4_13_M param.asset"	"Assets/KamenAsset/KamenAnimClip/v1/21_Attack_Status1/Status1_04/mn_cdkcn_00_ani__att_status1_4_13_M.anim"
"Back"	"True"	"mn_cdkcn_00_ani__att_status1_4_14_M"	"397dc6b522714b989466c2503b9d8058"	"Assets/_SO/Boss/AnimParam/Kamen_v1/Back/21_Attack_Status1/Status1_04/mn_cdkcn_00_ani__att_status1_4_14_M param.asset"	"Assets/KamenAsset/KamenAnimClip/v1/21_Attack_Status1/Status1_04/mn_cdkcn_00_ani__att_status1_4_14_M.anim"
"Back"	"True"	"mn_cdkcn_00_ani__att_status1_46_01_M"	"2c8a9635ff3b482281d3dda5e0c2be6b"	"Assets/_SO/Boss/AnimParam/Kamen_v1/Back/21_Attack_Status1/Status1_46/mn_cdkcn_00_ani__att_status1_46_01_M param.asset"	"Assets/KamenAsset/KamenAnimClip/v1/21_Attack_Status1/Status1_46/mn_cdkcn_00_ani__att_status1_46_01_M.anim"
"Back"	"True"	"mn_cdkcn_00_ani__att_status1_46_02_M"	"7313a0ec8a5d4e62b3ec4441bac21597"	"Assets/_SO/Boss/AnimParam/Kamen_v1/Back/21_Attack_Status1/Status1_46/mn_cdkcn_00_ani__att_status1_46_02_M param.asset"	"Assets/KamenAsset/KamenAnimClip/v1/21_Attack_Status1/Status1_46/mn_cdkcn_00_ani__att_status1_46_02_M.anim"
"Back"	"True"	"mn_cdkcn_00_ani__att_status1_46_03_M"	"4e5a88045fcc43b5826f0d5dc808a428"	"Assets/_SO/Boss/AnimParam/Kamen_v1/Back/21_Attack_Status1/Status1_46/mn_cdkcn_00_ani__att_status1_46_03_M param.asset"	"Assets/KamenAsset/KamenAnimClip/v1/21_Attack_Status1/Status1_46/mn_cdkcn_00_ani__att_status1_46_03_M.anim"
"Back"	"True"	"mn_cdkcn_00_ani__att_status1_46_04_M"	"dd8515d0eb6d4e25b8b2291b8c084d41"	"Assets/_SO/Boss/AnimParam/Kamen_v1/Back/21_Attack_Status1/Status1_46/mn_cdkcn_00_ani__att_status1_46_04_M param.asset"	"Assets/KamenAsset/KamenAnimClip/v1/21_Attack_Status1/Status1_46/mn_cdkcn_00_ani__att_status1_46_04_M.anim"
"Back"	"True"	"mn_cdkcn_00_ani__att_status1_46_05_M"	"b5fd918aaf504f2bb472bd1310706aee"	"Assets/_SO/Boss/AnimParam/Kamen_v1/Back/21_Attack_Status1/Status1_46/mn_cdkcn_00_ani__att_status1_46_05_M param.asset"	"Assets/KamenAsset/KamenAnimClip/v1/21_Attack_Status1/Status1_46/mn_cdkcn_00_ani__att_status1_46_05_M.anim"
"Back"	"True"	"mn_cdkcn_00_ani__att_status1_5_01_M"	"7118a25cedde49ca8265d3c7db32da8c"	"Assets/_SO/Boss/AnimParam/Kamen_v1/Back/21_Attack_Status1/Status1_05/mn_cdkcn_00_ani__att_status1_5_01_M param.asset"	"Assets/KamenAsset/KamenAnimClip/v1/21_Attack_Status1/Status1_05/mn_cdkcn_00_ani__att_status1_5_01_M.anim"
"Back"	"True"	"mn_cdkcn_00_ani__att_status1_5_02_M"	"e73d059ddf454222858e1f2fa47745c7"	"Assets/_SO/Boss/AnimParam/Kamen_v1/Back/21_Attack_Status1/Status1_05/mn_cdkcn_00_ani__att_status1_5_02_M param.asset"	"Assets/KamenAsset/KamenAnimClip/v1/21_Attack_Status1/Status1_05/mn_cdkcn_00_ani__att_status1_5_02_M.anim"
"Back"	"True"	"mn_cdkcn_00_ani__att_status1_5_03_M"	"18d513085ed24fc9bc9017f88c83f495"	"Assets/_SO/Boss/AnimParam/Kamen_v1/Back/21_Attack_Status1/Status1_05/mn_cdkcn_00_ani__att_status1_5_03_M param.asset"	"Assets/KamenAsset/KamenAnimClip/v1/21_Attack_Status1/Status1_05/mn_cdkcn_00_ani__att_status1_5_03_M.anim"
"Back"	"True"	"mn_cdkcn_00_ani__att_status1_5_04_M"	"40680e7fc5d64262b46684c774cd2d0b"	"Assets/_SO/Boss/AnimParam/Kamen_v1/Back/21_Attack_Status1/Status1_05/mn_cdkcn_00_ani__att_status1_5_04_M param.asset"	"Assets/KamenAsset/KamenAnimClip/v1/21_Attack_Status1/Status1_05/mn_cdkcn_00_ani__att_status1_5_04_M.anim"
"Back"	"True"	"mn_cdkcn_00_ani__att_status1_5_05_M"	"9dbfd74332e8413a88d75289862aa89a"	"Assets/_SO/Boss/AnimParam/Kamen_v1/Back/21_Attack_Status1/Status1_05/mn_cdkcn_00_ani__att_status1_5_05_M param.asset"	"Assets/KamenAsset/KamenAnimClip/v1/21_Attack_Status1/Status1_05/mn_cdkcn_00_ani__att_status1_5_05_M.anim"
"Back"	"True"	"mn_cdkcn_00_ani__att_status1_5_06_M"	"bd14b2c5446446e3b8efcb8bac167152"	"Assets/_SO/Boss/AnimParam/Kamen_v1/Back/21_Attack_Status1/Status1_05/mn_cdkcn_00_ani__att_status1_5_06_M param.asset"	"Assets/KamenAsset/KamenAnimClip/v1/21_Attack_Status1/Status1_05/mn_cdkcn_00_ani__att_status1_5_06_M.anim"
"Back"	"True"	"mn_cdkcn_00_ani__att_status1_5_07_M"	"5510b9699db543cba9b28c144244029d"	"Assets/_SO/Boss/AnimParam/Kamen_v1/Back/21_Attack_Status1/Status1_05/mn_cdkcn_00_ani__att_status1_5_07_M param.asset"	"Assets/KamenAsset/KamenAnimClip/v1/21_Attack_Status1/Status1_05/mn_cdkcn_00_ani__att_status1_5_07_M.anim"
"Back"	"True"	"mn_cdkcn_00_ani__att_status1_5_08_M"	"d19ca831db77492f8a72970c4f27c7c3"	"Assets/_SO/Boss/AnimParam/Kamen_v1/Back/21_Attack_Status1/Status1_05/mn_cdkcn_00_ani__att_status1_5_08_M param.asset"	"Assets/KamenAsset/KamenAnimClip/v1/21_Attack_Status1/Status1_05/mn_cdkcn_00_ani__att_status1_5_08_M.anim"
"Back"	"True"	"mn_cdkcn_00_ani__att_status1_5_09_M"	"3f56a59d70014b479abdd21a194ae382"	"Assets/_SO/Boss/AnimParam/Kamen_v1/Back/21_Attack_Status1/Status1_05/mn_cdkcn_00_ani__att_status1_5_09_M param.asset"	"Assets/KamenAsset/KamenAnimClip/v1/21_Attack_Status1/Status1_05/mn_cdkcn_00_ani__att_status1_5_09_M.anim"
"Back"	"True"	"mn_cdkcn_00_ani__att_status1_5_10_M"	"50851178b7dd432db37aa0433025315e"	"Assets/_SO/Boss/AnimParam/Kamen_v1/Back/21_Attack_Status1/Status1_05/mn_cdkcn_00_ani__att_status1_5_10_M param.asset"	"Assets/KamenAsset/KamenAnimClip/v1/21_Attack_Status1/Status1_05/mn_cdkcn_00_ani__att_status1_5_10_M.anim"
"Back"	"True"	"mn_cdkcn_00_ani__att_status1_6_01_M"	"d47ea72412fd45f7ae6834f0f3330d71"	"Assets/_SO/Boss/AnimParam/Kamen_v1/Back/21_Attack_Status1/Status1_06/mn_cdkcn_00_ani__att_status1_6_01_M param.asset"	"Assets/KamenAsset/KamenAnimClip/v1/21_Attack_Status1/Status1_06/mn_cdkcn_00_ani__att_status1_6_01_M.anim"
"Back"	"True"	"mn_cdkcn_00_ani__att_status1_6_02_M"	"6b147508aa7845edbf885fcde28c101b"	"Assets/_SO/Boss/AnimParam/Kamen_v1/Back/21_Attack_Status1/Status1_06/mn_cdkcn_00_ani__att_status1_6_02_M param.asset"	"Assets/KamenAsset/KamenAnimClip/v1/21_Attack_Status1/Status1_06/mn_cdkcn_00_ani__att_status1_6_02_M.anim"
"Back"	"True"	"mn_cdkcn_00_ani__att_status1_6_03_M"	"4b6f2e78df4c44828554d786e7214a53"	"Assets/_SO/Boss/AnimParam/Kamen_v1/Back/21_Attack_Status1/Status1_06/mn_cdkcn_00_ani__att_status1_6_03_M param.asset"	"Assets/KamenAsset/KamenAnimClip/v1/21_Attack_Status1/Status1_06/mn_cdkcn_00_ani__att_status1_6_03_M.anim"
"Back"	"True"	"mn_cdkcn_00_ani__att_status1_6_04_M"	"00e84d67c34f4efa8e608d8892bcb405"	"Assets/_SO/Boss/AnimParam/Kamen_v1/Back/21_Attack_Status1/Status1_06/mn_cdkcn_00_ani__att_status1_6_04_M param.asset"	"Assets/KamenAsset/KamenAnimClip/v1/21_Attack_Status1/Status1_06/mn_cdkcn_00_ani__att_status1_6_04_M.anim"
"Back"	"True"	"mn_cdkcn_00_ani__att_status1_7_01_M"	"c2ef4d9372c74432bd3992457463bee8"	"Assets/_SO/Boss/AnimParam/Kamen_v1/Back/21_Attack_Status1/Status1_07/mn_cdkcn_00_ani__att_status1_7_01_M param.asset"	"Assets/KamenAsset/KamenAnimClip/v1/21_Attack_Status1/Status1_07/mn_cdkcn_00_ani__att_status1_7_01_M.anim"
"Back"	"True"	"mn_cdkcn_00_ani__att_status1_8_01_M"	"aa1549a6d17d425cb0a5fb67dfb49cf7"	"Assets/_SO/Boss/AnimParam/Kamen_v1/Back/21_Attack_Status1/Status1_08/mn_cdkcn_00_ani__att_status1_8_01_M param.asset"	"Assets/KamenAsset/KamenAnimClip/v1/21_Attack_Status1/Status1_08/mn_cdkcn_00_ani__att_status1_8_01_M.anim"
"Back"	"True"	"mn_cdkcn_00_ani__att_status1_8_02_M"	"c236c0fd7c2b4333b1881ccdda131fb2"	"Assets/_SO/Boss/AnimParam/Kamen_v1/Back/21_Attack_Status1/Status1_08/mn_cdkcn_00_ani__att_status1_8_02_M param.asset"	"Assets/KamenAsset/KamenAnimClip/v1/21_Attack_Status1/Status1_08/mn_cdkcn_00_ani__att_status1_8_02_M.anim"
"Back"	"True"	"mn_cdkcn_00_ani__att_status1_8_03_M"	"6c844bcce8bf4619bd1e3583977d277f"	"Assets/_SO/Boss/AnimParam/Kamen_v1/Back/21_Attack_Status1/Status1_08/mn_cdkcn_00_ani__att_status1_8_03_M param.asset"	"Assets/KamenAsset/KamenAnimClip/v1/21_Attack_Status1/Status1_08/mn_cdkcn_00_ani__att_status1_8_03_M.anim"
"Back"	"True"	"mn_cdkcn_00_ani__att_status1_8_04_M"	"47c412f519fa48c785d5a586a7460349"	"Assets/_SO/Boss/AnimParam/Kamen_v1/Back/21_Attack_Status1/Status1_08/mn_cdkcn_00_ani__att_status1_8_04_M param.asset"	"Assets/KamenAsset/KamenAnimClip/v1/21_Attack_Status1/Status1_08/mn_cdkcn_00_ani__att_status1_8_04_M.anim"
"Back"	"True"	"mn_cdkcn_00_ani__att_status1_8_05_M"	"bdd09d5ffa29479ab54eff52a5c5e8e4"	"Assets/_SO/Boss/AnimParam/Kamen_v1/Back/21_Attack_Status1/Status1_08/mn_cdkcn_00_ani__att_status1_8_05_M param.asset"	"Assets/KamenAsset/KamenAnimClip/v1/21_Attack_Status1/Status1_08/mn_cdkcn_00_ani__att_status1_8_05_M.anim"
"Back"	"True"	"mn_cdkcn_00_ani__att_status1_8_06_M"	"8ef5fa23602245a5936bb42e5db70ba0"	"Assets/_SO/Boss/AnimParam/Kamen_v1/Back/21_Attack_Status1/Status1_08/mn_cdkcn_00_ani__att_status1_8_06_M param.asset"	"Assets/KamenAsset/KamenAnimClip/v1/21_Attack_Status1/Status1_08/mn_cdkcn_00_ani__att_status1_8_06_M.anim"
"Back"	"True"	"mn_cdkcn_00_ani__att_status1_8_07_M"	"3ff0f6464cac4d4e953ec16c2722397e"	"Assets/_SO/Boss/AnimParam/Kamen_v1/Back/21_Attack_Status1/Status1_08/mn_cdkcn_00_ani__att_status1_8_07_M param.asset"	"Assets/KamenAsset/KamenAnimClip/v1/21_Attack_Status1/Status1_08/mn_cdkcn_00_ani__att_status1_8_07_M.anim"
"Back"	"True"	"mn_cdkcn_00_ani__att_status1_9_01_M"	"41516c7eda9b4f36bf03cf4dec187c8c"	"Assets/_SO/Boss/AnimParam/Kamen_v1/Back/21_Attack_Status1/Status1_09/mn_cdkcn_00_ani__att_status1_9_01_M param.asset"	"Assets/KamenAsset/KamenAnimClip/v1/21_Attack_Status1/Status1_09/mn_cdkcn_00_ani__att_status1_9_01_M.anim"
"Back"	"True"	"mn_cdkcn_00_ani__att_status1_9_02_M"	"64742e5c342749a3aab735e9b5b56ed0"	"Assets/_SO/Boss/AnimParam/Kamen_v1/Back/21_Attack_Status1/Status1_09/mn_cdkcn_00_ani__att_status1_9_02_M param.asset"	"Assets/KamenAsset/KamenAnimClip/v1/21_Attack_Status1/Status1_09/mn_cdkcn_00_ani__att_status1_9_02_M.anim"
"Back"	"True"	"mn_cdkcn_00_ani__att_status1_9_03_M"	"877e0fa34425411ab4b96b915c8f4b0d"	"Assets/_SO/Boss/AnimParam/Kamen_v1/Back/21_Attack_Status1/Status1_09/mn_cdkcn_00_ani__att_status1_9_03_M param.asset"	"Assets/KamenAsset/KamenAnimClip/v1/21_Attack_Status1/Status1_09/mn_cdkcn_00_ani__att_status1_9_03_M.anim"
"Back"	"True"	"mn_cdkcn_00_ani__att_status2_1_01_M"	"57ac7a6cbfc0430cb2defa885cd69943"	"Assets/_SO/Boss/AnimParam/Kamen_v1/Back/22_Attack_Status2/Status2_01/mn_cdkcn_00_ani__att_status2_1_01_M param.asset"	"Assets/KamenAsset/KamenAnimClip/v1/22_Attack_Status2/Status2_01/mn_cdkcn_00_ani__att_status2_1_01_M.anim"
"Back"	"True"	"mn_cdkcn_00_ani__att_status2_1_02_M"	"fe400a85aebe412baa2a48a65b5f3f6b"	"Assets/_SO/Boss/AnimParam/Kamen_v1/Back/22_Attack_Status2/Status2_01/mn_cdkcn_00_ani__att_status2_1_02_M param.asset"	"Assets/KamenAsset/KamenAnimClip/v1/22_Attack_Status2/Status2_01/mn_cdkcn_00_ani__att_status2_1_02_M.anim"
"Back"	"True"	"mn_cdkcn_00_ani__dmg_critical_end_1_M"	"393f068dcaac468a8d65448e84cf08d0"	"Assets/_SO/Boss/AnimParam/Kamen_v1/Back/30_Damage/Critical/mn_cdkcn_00_ani__dmg_critical_end_1_M param.asset"	"Assets/KamenAsset/KamenAnimClip/v1/30_Damage/Critical/mn_cdkcn_00_ani__dmg_critical_end_1_M.anim"
"Back"	"True"	"mn_cdkcn_00_ani__dmg_critical_loop_1_M"	"67d0f0fed44d4d16944b30adfcf56d4a"	"Assets/_SO/Boss/AnimParam/Kamen_v1/Back/30_Damage/Critical/mn_cdkcn_00_ani__dmg_critical_loop_1_M param.asset"	"Assets/KamenAsset/KamenAnimClip/v1/30_Damage/Critical/mn_cdkcn_00_ani__dmg_critical_loop_1_M.anim"
"Back"	"True"	"mn_cdkcn_00_ani__dmg_critical_start_1_M"	"619e6a14ceae42c1a96948898a6d9230"	"Assets/_SO/Boss/AnimParam/Kamen_v1/Back/30_Damage/Critical/mn_cdkcn_00_ani__dmg_critical_start_1_M param.asset"	"Assets/KamenAsset/KamenAnimClip/v1/30_Damage/Critical/mn_cdkcn_00_ani__dmg_critical_start_1_M.anim"
"Back"	"True"	"mn_cdkcn_00_ani__evt1_backgroundimg_1_M"	"549bc166c3ed45b9bb501d4055a9eef8"	"Assets/_SO/Boss/AnimParam/Kamen_v1/Back/40_Event/Event/mn_cdkcn_00_ani__evt1_backgroundimg_1_M param.asset"	"Assets/KamenAsset/KamenAnimClip/v1/40_Event/Event/mn_cdkcn_00_ani__evt1_backgroundimg_1_M.anim"
"Back"	"True"	"mn_cdkcn_00_ani__idle_normal_1_M"	"50bfa1e6a2c34ec3a4702375279e5c46"	"Assets/_SO/Boss/AnimParam/Kamen_v1/Back/11_Idle_Base/Normal/mn_cdkcn_00_ani__idle_normal_1_M param.asset"	"Assets/KamenAsset/KamenAnimClip/v1/11_Idle_Base/Normal/mn_cdkcn_00_ani__idle_normal_1_M.anim"
"Back"	"True"	"mn_cdkcn_00_ani__idle_status1_end_1_M"	"84833751560b4673adeb034da796a907"	"Assets/_SO/Boss/AnimParam/Kamen_v1/Back/10_Idle_Status/Status1/mn_cdkcn_00_ani__idle_status1_end_1_M param.asset"	"Assets/KamenAsset/KamenAnimClip/v1/10_Idle_Status/Status1/mn_cdkcn_00_ani__idle_status1_end_1_M.anim"
"Back"	"True"	"mn_cdkcn_00_ani__idle_status1_loop_1_M"	"f32b176b729b4d8486715c20078a9cfb"	"Assets/_SO/Boss/AnimParam/Kamen_v1/Back/10_Idle_Status/Status1/mn_cdkcn_00_ani__idle_status1_loop_1_M param.asset"	"Assets/KamenAsset/KamenAnimClip/v1/10_Idle_Status/Status1/mn_cdkcn_00_ani__idle_status1_loop_1_M.anim"
"Back"	"True"	"mn_cdkcn_00_ani__idle_status1_start_1_M"	"9d52db63cb2443c7bf993900fd11cf81"	"Assets/_SO/Boss/AnimParam/Kamen_v1/Back/10_Idle_Status/Status1/mn_cdkcn_00_ani__idle_status1_start_1_M param.asset"	"Assets/KamenAsset/KamenAnimClip/v1/10_Idle_Status/Status1/mn_cdkcn_00_ani__idle_status1_start_1_M.anim"
"Back"	"True"	"mn_cdkcn_00_ani__idle_status2_loop_1_M"	"4177475f05b4408ea669d51e385e5593"	"Assets/_SO/Boss/AnimParam/Kamen_v1/Back/10_Idle_Status/Status2/mn_cdkcn_00_ani__idle_status2_loop_1_M param.asset"	"Assets/KamenAsset/KamenAnimClip/v1/10_Idle_Status/Status2/mn_cdkcn_00_ani__idle_status2_loop_1_M.anim"
"Back"	"True"	"mn_cdkcn_00_ani__idle_status2_normal_1_M"	"e01708f57f8340538a81e49e1f7badaa"	"Assets/_SO/Boss/AnimParam/Kamen_v1/Back/10_Idle_Status/Status2/mn_cdkcn_00_ani__idle_status2_normal_1_M param.asset"	"Assets/KamenAsset/KamenAnimClip/v1/10_Idle_Status/Status2/mn_cdkcn_00_ani__idle_status2_normal_1_M.anim"
"Back"	"True"	"mn_cdkcn_00_ani__idle_status3_loop_1_M"	"918bf32277834ba09f1b32b0ee9f683d"	"Assets/_SO/Boss/AnimParam/Kamen_v1/Back/10_Idle_Status/Status3/mn_cdkcn_00_ani__idle_status3_loop_1_M param.asset"	"Assets/KamenAsset/KamenAnimClip/v1/10_Idle_Status/Status3/mn_cdkcn_00_ani__idle_status3_loop_1_M.anim"
"Back"	"True"	"mn_cdkcn_00_ani__run_status1_1_M"	"6567a340e07846408977d8abd073f3ae"	"Assets/_SO/Boss/AnimParam/Kamen_v1/Back/12_Movement/Status1/mn_cdkcn_00_ani__run_status1_1_M param.asset"	"Assets/KamenAsset/KamenAnimClip/v1/12_Movement/Status1/mn_cdkcn_00_ani__run_status1_1_M.anim"
"Back"	"True"	"mn_cdkcn_00_ani__turn_l_status1_M"	"a7d490165916403db7cc9c62fde0488c"	"Assets/_SO/Boss/AnimParam/Kamen_v1/Back/90_Other/Misc/mn_cdkcn_00_ani__turn_l_status1_M param.asset"	"Assets/KamenAsset/KamenAnimClip/v1/90_Other/Misc/mn_cdkcn_00_ani__turn_l_status1_M.anim"
"Back"	"True"	"mn_cdkcn_00_ani__turn_r_status1_M"	"c725e1db26b14a8d8e8fbef6259785cc"	"Assets/_SO/Boss/AnimParam/Kamen_v1/Back/90_Other/Misc/mn_cdkcn_00_ani__turn_r_status1_M param.asset"	"Assets/KamenAsset/KamenAnimClip/v1/90_Other/Misc/mn_cdkcn_00_ani__turn_r_status1_M.anim"
"Back"	"True"	"mn_cdkcn_00_ani__walk_normal_1_M"	"040939813f8945ba838ef52e67006b69"	"Assets/_SO/Boss/AnimParam/Kamen_v1/Back/12_Movement/Normal/mn_cdkcn_00_ani__walk_normal_1_M param.asset"	"Assets/KamenAsset/KamenAnimClip/v1/12_Movement/Normal/mn_cdkcn_00_ani__walk_normal_1_M.anim"
"Back"	"True"	"mn_cdkcn_00_ani__walk_status1_1_M"	"f4a3c4759d934968897770a62c8e368f"	"Assets/_SO/Boss/AnimParam/Kamen_v1/Back/12_Movement/Status1/mn_cdkcn_00_ani__walk_status1_1_M param.asset"	"Assets/KamenAsset/KamenAnimClip/v1/12_Movement/Status1/mn_cdkcn_00_ani__walk_status1_1_M.anim"
"Back"	"True"	"mn_cdkcn_00_evt2_ani__evt2_att_status1_21_01_M"	"d0953e2d2b1f4468ae28d05fb9d447b8"	"Assets/_SO/Boss/AnimParam/Kamen_v1/Back/40_Event/Event/mn_cdkcn_00_evt2_ani__evt2_att_status1_21_01_M param.asset"	"Assets/KamenAsset/KamenAnimClip/v1/40_Event/Event/mn_cdkcn_00_evt2_ani__evt2_att_status1_21_01_M.anim"
"Back"	"True"	"mn_cdkcn_00_evt2_ani__evt2_cdkcn_attack_01_M"	"0fe8fc0db29646beb0c2d1b2e46d8c99"	"Assets/_SO/Boss/AnimParam/Kamen_v1/Back/40_Event/Event/mn_cdkcn_00_evt2_ani__evt2_cdkcn_attack_01_M param.asset"	"Assets/KamenAsset/KamenAnimClip/v1/40_Event/Event/mn_cdkcn_00_evt2_ani__evt2_cdkcn_attack_01_M.anim"
"Back"	"True"	"mn_cdkcn_00_evt2_ani__evt2_cdkcn_hit_01_M"	"4ecc4479eea243deac1700492dc100f0"	"Assets/_SO/Boss/AnimParam/Kamen_v1/Back/40_Event/Event/mn_cdkcn_00_evt2_ani__evt2_cdkcn_hit_01_M param.asset"	"Assets/KamenAsset/KamenAnimClip/v1/40_Event/Event/mn_cdkcn_00_evt2_ani__evt2_cdkcn_hit_01_M.anim"
"Back"	"True"	"mn_cdkcn_00_evt2_ani__evt2_cdkcn_idle_1_01_M"	"7715aa931cb4485db0430bf703021c1f"	"Assets/_SO/Boss/AnimParam/Kamen_v1/Back/40_Event/Event/mn_cdkcn_00_evt2_ani__evt2_cdkcn_idle_1_01_M param.asset"	"Assets/KamenAsset/KamenAnimClip/v1/40_Event/Event/mn_cdkcn_00_evt2_ani__evt2_cdkcn_idle_1_01_M.anim"
"Back"	"True"	"mn_cdkcn_00_evt2_ani__evt2_cdkcn_idle_2_01_M"	"dad09e8ce88441728dc579dfd1d48e6c"	"Assets/_SO/Boss/AnimParam/Kamen_v1/Back/40_Event/Event/mn_cdkcn_00_evt2_ani__evt2_cdkcn_idle_2_01_M param.asset"	"Assets/KamenAsset/KamenAnimClip/v1/40_Event/Event/mn_cdkcn_00_evt2_ani__evt2_cdkcn_idle_2_01_M.anim"
"Back"	"True"	"mn_cdkcn_00_evt2_ani__evt2_cdkcn_idle_3_01_M"	"bb3cf670427c40f4a1e94592230fa631"	"Assets/_SO/Boss/AnimParam/Kamen_v1/Back/40_Event/Event/mn_cdkcn_00_evt2_ani__evt2_cdkcn_idle_3_01_M param.asset"	"Assets/KamenAsset/KamenAnimClip/v1/40_Event/Event/mn_cdkcn_00_evt2_ani__evt2_cdkcn_idle_3_01_M.anim"
"Back"	"True"	"mn_cdkcn_00_evt2_ani__evt2_cdkcn_jump_01_M"	"657fd4d26bf54bc5a714ca19f5493d36"	"Assets/_SO/Boss/AnimParam/Kamen_v1/Back/40_Event/Event/mn_cdkcn_00_evt2_ani__evt2_cdkcn_jump_01_M param.asset"	"Assets/KamenAsset/KamenAnimClip/v1/40_Event/Event/mn_cdkcn_00_evt2_ani__evt2_cdkcn_jump_01_M.anim"
"Back"	"True"	"mn_cdkcn_00_evt2_ani__evt2_cdkcn_land_01_M"	"b752a8e4c2164926868afc07c2912db8"	"Assets/_SO/Boss/AnimParam/Kamen_v1/Back/40_Event/Event/mn_cdkcn_00_evt2_ani__evt2_cdkcn_land_01_M param.asset"	"Assets/KamenAsset/KamenAnimClip/v1/40_Event/Event/mn_cdkcn_00_evt2_ani__evt2_cdkcn_land_01_M.anim"
"Back"	"True"	"mn_cdkcn_00_evt2_ani__evt2_cdkcn_lookback_01_M"	"9450c39557d24618bb2ed2911181dd94"	"Assets/_SO/Boss/AnimParam/Kamen_v1/Back/40_Event/Event/mn_cdkcn_00_evt2_ani__evt2_cdkcn_lookback_01_M param.asset"	"Assets/KamenAsset/KamenAnimClip/v1/40_Event/Event/mn_cdkcn_00_evt2_ani__evt2_cdkcn_lookback_01_M.anim"
"Back"	"True"	"mn_cdkcn_00_evt2_ani__evt2_cdkcn_magic_2_01_M"	"108b3e2f50434f0c9a5e3b27f917f80f"	"Assets/_SO/Boss/AnimParam/Kamen_v1/Back/40_Event/Event/mn_cdkcn_00_evt2_ani__evt2_cdkcn_magic_2_01_M param.asset"	"Assets/KamenAsset/KamenAnimClip/v1/40_Event/Event/mn_cdkcn_00_evt2_ani__evt2_cdkcn_magic_2_01_M.anim"
"Back"	"True"	"mn_cdkcn_00_evt2_ani__evt2_cdkcn_magic_2_loop_01_M"	"221e5ddbde1849b3b05ef52ea75c3794"	"Assets/_SO/Boss/AnimParam/Kamen_v1/Back/40_Event/Event/mn_cdkcn_00_evt2_ani__evt2_cdkcn_magic_2_loop_01_M param.asset"	"Assets/KamenAsset/KamenAnimClip/v1/40_Event/Event/mn_cdkcn_00_evt2_ani__evt2_cdkcn_magic_2_loop_01_M.anim"
"Back"	"True"	"mn_cdkcn_00_evt2_ani__evt2_cdkcn_magic_2_loop_02_M"	"4829b60041ce4294a8939579160a5a21"	"Assets/_SO/Boss/AnimParam/Kamen_v1/Back/40_Event/Event/mn_cdkcn_00_evt2_ani__evt2_cdkcn_magic_2_loop_02_M param.asset"	"Assets/KamenAsset/KamenAnimClip/v1/40_Event/Event/mn_cdkcn_00_evt2_ani__evt2_cdkcn_magic_2_loop_02_M.anim"
"Back"	"True"	"mn_cdkcn_00_evt2_ani__evt2_cdkcn_magic_loop_01_M"	"cf32bd138241432fb736a375c4615fc1"	"Assets/_SO/Boss/AnimParam/Kamen_v1/Back/40_Event/Event/mn_cdkcn_00_evt2_ani__evt2_cdkcn_magic_loop_01_M param.asset"	"Assets/KamenAsset/KamenAnimClip/v1/40_Event/Event/mn_cdkcn_00_evt2_ani__evt2_cdkcn_magic_loop_01_M.anim"
"Back"	"True"	"mn_cdkcn_00_evt2_ani__evt2_cdkcn_magic_start_01_M"	"7a03ff76b10f45a18dcbcc37131f1ded"	"Assets/_SO/Boss/AnimParam/Kamen_v1/Back/40_Event/Event/mn_cdkcn_00_evt2_ani__evt2_cdkcn_magic_start_01_M param.asset"	"Assets/KamenAsset/KamenAnimClip/v1/40_Event/Event/mn_cdkcn_00_evt2_ani__evt2_cdkcn_magic_start_01_M.anim"
"Back"	"True"	"mn_cdkcn_00_evt2_ani__evt2_cdkcn_portal_01_M"	"77aa54785f244008b6e1847bba215c48"	"Assets/_SO/Boss/AnimParam/Kamen_v1/Back/40_Event/Event/mn_cdkcn_00_evt2_ani__evt2_cdkcn_portal_01_M param.asset"	"Assets/KamenAsset/KamenAnimClip/v1/40_Event/Event/mn_cdkcn_00_evt2_ani__evt2_cdkcn_portal_01_M.anim"
"Back"	"True"	"mn_cdkcn_00_evt2_ani__evt2_cdkcn_sit_idle_01_M"	"209646cd7f874ec3a4ac60cd928dab2b"	"Assets/_SO/Boss/AnimParam/Kamen_v1/Back/40_Event/Event/mn_cdkcn_00_evt2_ani__evt2_cdkcn_sit_idle_01_M param.asset"	"Assets/KamenAsset/KamenAnimClip/v1/40_Event/Event/mn_cdkcn_00_evt2_ani__evt2_cdkcn_sit_idle_01_M.anim"
"Back"	"True"	"mn_cdkcn_00_evt2_ani__evt2_cdkcn_sit_loop_01_M"	"6735e8c64ad143ecb80f113a2c1b6ce6"	"Assets/_SO/Boss/AnimParam/Kamen_v1/Back/40_Event/Event/mn_cdkcn_00_evt2_ani__evt2_cdkcn_sit_loop_01_M param.asset"	"Assets/KamenAsset/KamenAnimClip/v1/40_Event/Event/mn_cdkcn_00_evt2_ani__evt2_cdkcn_sit_loop_01_M.anim"
"Back"	"True"	"mn_cdkcn_00_evt2_ani__evt2_cdkcn_sit_magic_01_M"	"c8db5dbae9c441148ee2e2d099ff1a2b"	"Assets/_SO/Boss/AnimParam/Kamen_v1/Back/40_Event/Event/mn_cdkcn_00_evt2_ani__evt2_cdkcn_sit_magic_01_M param.asset"	"Assets/KamenAsset/KamenAnimClip/v1/40_Event/Event/mn_cdkcn_00_evt2_ani__evt2_cdkcn_sit_magic_01_M.anim"
"Back"	"True"	"mn_cdkcn_00_evt2_ani__evt2_cdkcn_sky_attack_loop_01_M"	"20dcbeda7ca741b39a3f11050b93b919"	"Assets/_SO/Boss/AnimParam/Kamen_v1/Back/40_Event/Event/mn_cdkcn_00_evt2_ani__evt2_cdkcn_sky_attack_loop_01_M param.asset"	"Assets/KamenAsset/KamenAnimClip/v1/40_Event/Event/mn_cdkcn_00_evt2_ani__evt2_cdkcn_sky_attack_loop_01_M.anim"
"Back"	"True"	"mn_cdkcn_00_evt2_ani__evt2_cdkcn_sky_attack_start_01_M"	"540f961975c6455598ce3a13f847afd5"	"Assets/_SO/Boss/AnimParam/Kamen_v1/Back/40_Event/Event/mn_cdkcn_00_evt2_ani__evt2_cdkcn_sky_attack_start_01_M param.asset"	"Assets/KamenAsset/KamenAnimClip/v1/40_Event/Event/mn_cdkcn_00_evt2_ani__evt2_cdkcn_sky_attack_start_01_M.anim"
"Back"	"True"	"mn_cdkcn_00_evt2_ani__evt2_hld01_M"	"2170bd1a93df459e9677779b20c1bdd7"	"Assets/_SO/Boss/AnimParam/Kamen_v1/Back/40_Event/Event/mn_cdkcn_00_evt2_ani__evt2_hld01_M param.asset"	"Assets/KamenAsset/KamenAnimClip/v1/40_Event/Event/mn_cdkcn_00_evt2_ani__evt2_hld01_M.anim"
"Back"	"True"	"mn_cdkcn_00_evt2_ani__evt2_hld02_M"	"4d84e55398064f248059ae34d15185b6"	"Assets/_SO/Boss/AnimParam/Kamen_v1/Back/40_Event/Event/mn_cdkcn_00_evt2_ani__evt2_hld02_M param.asset"	"Assets/KamenAsset/KamenAnimClip/v1/40_Event/Event/mn_cdkcn_00_evt2_ani__evt2_hld02_M.anim"
"Back"	"True"	"mn_cdkcn_00_evt2_ani__evt2_str01_M"	"961049b43e644793962ee220cdbb5e35"	"Assets/_SO/Boss/AnimParam/Kamen_v1/Back/40_Event/Event/mn_cdkcn_00_evt2_ani__evt2_str01_M param.asset"	"Assets/KamenAsset/KamenAnimClip/v1/40_Event/Event/mn_cdkcn_00_evt2_ani__evt2_str01_M.anim"
"Back"	"True"	"mn_cdkcn_00_evt2_ani__evt2_str02_M"	"72cb7e0c9a7a407cb2286d507376698b"	"Assets/_SO/Boss/AnimParam/Kamen_v1/Back/40_Event/Event/mn_cdkcn_00_evt2_ani__evt2_str02_M param.asset"	"Assets/KamenAsset/KamenAnimClip/v1/40_Event/Event/mn_cdkcn_00_evt2_ani__evt2_str02_M.anim"
"Back"	"True"	"mn_cdkcn_00_evt2_ani__evt2_str03_M"	"ee5ec714905f4728978d41d508d1f6aa"	"Assets/_SO/Boss/AnimParam/Kamen_v1/Back/40_Event/Event/mn_cdkcn_00_evt2_ani__evt2_str03_M param.asset"	"Assets/KamenAsset/KamenAnimClip/v1/40_Event/Event/mn_cdkcn_00_evt2_ani__evt2_str03_M.anim"
"Back"	"True"	"mn_cdkcn_00_evt2_ani__evt2_str04_M"	"cbd10307942741ecb2ed3f0501e93422"	"Assets/_SO/Boss/AnimParam/Kamen_v1/Back/40_Event/Event/mn_cdkcn_00_evt2_ani__evt2_str04_M param.asset"	"Assets/KamenAsset/KamenAnimClip/v1/40_Event/Event/mn_cdkcn_00_evt2_ani__evt2_str04_M.anim"
"Back"	"True"	"mn_cdkcn_00_evt2_ani__evt2_strb01_M"	"593ab04cf4b04f6a98edcd867f058910"	"Assets/_SO/Boss/AnimParam/Kamen_v1/Back/40_Event/Event/mn_cdkcn_00_evt2_ani__evt2_strb01_M param.asset"	"Assets/KamenAsset/KamenAnimClip/v1/40_Event/Event/mn_cdkcn_00_evt2_ani__evt2_strb01_M.anim"
"Back"	"True"	"mn_cdkcn_00_evt2_ani__evt2_strb02_M"	"cbd54d0aaa834f908399201e6f2f24bc"	"Assets/_SO/Boss/AnimParam/Kamen_v1/Back/40_Event/Event/mn_cdkcn_00_evt2_ani__evt2_strb02_M param.asset"	"Assets/KamenAsset/KamenAnimClip/v1/40_Event/Event/mn_cdkcn_00_evt2_ani__evt2_strb02_M.anim"
"Back"	"True"	"mn_cdkcn_00_evt2_ani__evt2_strb03_M"	"3ece0977186b46e6b11ab547a42c3b86"	"Assets/_SO/Boss/AnimParam/Kamen_v1/Back/40_Event/Event/mn_cdkcn_00_evt2_ani__evt2_strb03_M param.asset"	"Assets/KamenAsset/KamenAnimClip/v1/40_Event/Event/mn_cdkcn_00_evt2_ani__evt2_strb03_M.anim"
"Back"	"True"	"mn_cdkcn_00-2_ani__att_status1_12_01_M"	"02e8885b6efa455ba46795ca71b1e855"	"Assets/_SO/Boss/AnimParam/Kamen_v1/Back/21_Attack_Status1/Status1_12/mn_cdkcn_00-2_ani__att_status1_12_01_M param.asset"	"Assets/KamenAsset/KamenAnimClip/v1/21_Attack_Status1/Status1_12/mn_cdkcn_00-2_ani__att_status1_12_01_M.anim"
"Back"	"True"	"mn_cdkcn_00-2_ani__att_status1_13_01_M"	"5d4b74f1f2104d849dc1249427f131fd"	"Assets/_SO/Boss/AnimParam/Kamen_v1/Back/21_Attack_Status1/Status1_13/mn_cdkcn_00-2_ani__att_status1_13_01_M param.asset"	"Assets/KamenAsset/KamenAnimClip/v1/21_Attack_Status1/Status1_13/mn_cdkcn_00-2_ani__att_status1_13_01_M.anim"
"Back"	"True"	"mn_cdkcn_00-2_ani__att_status1_13_02_M"	"2ada20159add416c9f6a16c325fb14d8"	"Assets/_SO/Boss/AnimParam/Kamen_v1/Back/21_Attack_Status1/Status1_13/mn_cdkcn_00-2_ani__att_status1_13_02_M param.asset"	"Assets/KamenAsset/KamenAnimClip/v1/21_Attack_Status1/Status1_13/mn_cdkcn_00-2_ani__att_status1_13_02_M.anim"
"Back"	"True"	"mn_cdkcn_00-2_ani__att_status1_15_01_M"	"c0ec023a209640cf8c106c78a9a6dfd7"	"Assets/_SO/Boss/AnimParam/Kamen_v1/Back/21_Attack_Status1/Status1_15/mn_cdkcn_00-2_ani__att_status1_15_01_M param.asset"	"Assets/KamenAsset/KamenAnimClip/v1/21_Attack_Status1/Status1_15/mn_cdkcn_00-2_ani__att_status1_15_01_M.anim"
"Back"	"True"	"mn_cdkcn_00-2_ani__att_status1_15_02_M"	"648c568a65374d2e9d9e9d153f755bdb"	"Assets/_SO/Boss/AnimParam/Kamen_v1/Back/21_Attack_Status1/Status1_15/mn_cdkcn_00-2_ani__att_status1_15_02_M param.asset"	"Assets/KamenAsset/KamenAnimClip/v1/21_Attack_Status1/Status1_15/mn_cdkcn_00-2_ani__att_status1_15_02_M.anim"
"Back"	"True"	"mn_cdkcn_00-2_ani__att_status1_15_03_M"	"f793d408091f49608257c8e3b6171a34"	"Assets/_SO/Boss/AnimParam/Kamen_v1/Back/21_Attack_Status1/Status1_15/mn_cdkcn_00-2_ani__att_status1_15_03_M param.asset"	"Assets/KamenAsset/KamenAnimClip/v1/21_Attack_Status1/Status1_15/mn_cdkcn_00-2_ani__att_status1_15_03_M.anim"
"Back"	"True"	"mn_cdkcn_00-2_ani__att_status1_15_04_M"	"a01ec4be5bc14b65907dd4f69a58ea3a"	"Assets/_SO/Boss/AnimParam/Kamen_v1/Back/21_Attack_Status1/Status1_15/mn_cdkcn_00-2_ani__att_status1_15_04_M param.asset"	"Assets/KamenAsset/KamenAnimClip/v1/21_Attack_Status1/Status1_15/mn_cdkcn_00-2_ani__att_status1_15_04_M.anim"
"Back"	"True"	"mn_cdkcn_00-2_ani__att_status1_19_01_M"	"11cc413adee446b5829470d80d663879"	"Assets/_SO/Boss/AnimParam/Kamen_v1/Back/21_Attack_Status1/Status1_19/mn_cdkcn_00-2_ani__att_status1_19_01_M param.asset"	"Assets/KamenAsset/KamenAnimClip/v1/21_Attack_Status1/Status1_19/mn_cdkcn_00-2_ani__att_status1_19_01_M.anim"
"Back"	"True"	"mn_cdkcn_00-2_ani__att_status1_25_01_M"	"ee46cbe4886b4e63b90c717517d74068"	"Assets/_SO/Boss/AnimParam/Kamen_v1/Back/21_Attack_Status1/Status1_25/mn_cdkcn_00-2_ani__att_status1_25_01_M param.asset"	"Assets/KamenAsset/KamenAnimClip/v1/21_Attack_Status1/Status1_25/mn_cdkcn_00-2_ani__att_status1_25_01_M.anim"
"Back"	"True"	"mn_cdkcn_00-2_ani__att_status1_25_02_M"	"5784b3e21acc4263b3df7047b6ed73b4"	"Assets/_SO/Boss/AnimParam/Kamen_v1/Back/21_Attack_Status1/Status1_25/mn_cdkcn_00-2_ani__att_status1_25_02_M param.asset"	"Assets/KamenAsset/KamenAnimClip/v1/21_Attack_Status1/Status1_25/mn_cdkcn_00-2_ani__att_status1_25_02_M.anim"
"Back"	"True"	"mn_cdkcn_00-2_ani__att_status1_25_03_M"	"512f144d8d034c53b315937263dc1a85"	"Assets/_SO/Boss/AnimParam/Kamen_v1/Back/21_Attack_Status1/Status1_25/mn_cdkcn_00-2_ani__att_status1_25_03_M param.asset"	"Assets/KamenAsset/KamenAnimClip/v1/21_Attack_Status1/Status1_25/mn_cdkcn_00-2_ani__att_status1_25_03_M.anim"
"Back"	"True"	"mn_cdkcn_00-2_ani__att_status1_25_04_M"	"4d2f872c626548a88a8898e9dc40e452"	"Assets/_SO/Boss/AnimParam/Kamen_v1/Back/21_Attack_Status1/Status1_25/mn_cdkcn_00-2_ani__att_status1_25_04_M param.asset"	"Assets/KamenAsset/KamenAnimClip/v1/21_Attack_Status1/Status1_25/mn_cdkcn_00-2_ani__att_status1_25_04_M.anim"
"Back"	"True"	"mn_cdkcn_00-2_ani__att_status1_4_01_M"	"86e42b10f1d640338ffaf35e11bfe3a0"	"Assets/_SO/Boss/AnimParam/Kamen_v1/Back/21_Attack_Status1/Status1_04/mn_cdkcn_00-2_ani__att_status1_4_01_M param.asset"	"Assets/KamenAsset/KamenAnimClip/v1/21_Attack_Status1/Status1_04/mn_cdkcn_00-2_ani__att_status1_4_01_M.anim"
"Back"	"True"	"mn_cdkcn_00-2_ani__att_status1_4_02_M"	"f5b02680afaf47f59e80110cd34d0c94"	"Assets/_SO/Boss/AnimParam/Kamen_v1/Back/21_Attack_Status1/Status1_04/mn_cdkcn_00-2_ani__att_status1_4_02_M param.asset"	"Assets/KamenAsset/KamenAnimClip/v1/21_Attack_Status1/Status1_04/mn_cdkcn_00-2_ani__att_status1_4_02_M.anim"
"Back"	"True"	"mn_cdkcn_00-2_ani__att_status1_4_03_M"	"002cb4e4a8d9470394484e13c4eefd38"	"Assets/_SO/Boss/AnimParam/Kamen_v1/Back/21_Attack_Status1/Status1_04/mn_cdkcn_00-2_ani__att_status1_4_03_M param.asset"	"Assets/KamenAsset/KamenAnimClip/v1/21_Attack_Status1/Status1_04/mn_cdkcn_00-2_ani__att_status1_4_03_M.anim"
"Back"	"True"	"mn_cdkcn_00-2_ani__att_status1_4_04_M"	"cb0ad7bb2da44508b9ac3cc6807c91c1"	"Assets/_SO/Boss/AnimParam/Kamen_v1/Back/21_Attack_Status1/Status1_04/mn_cdkcn_00-2_ani__att_status1_4_04_M param.asset"	"Assets/KamenAsset/KamenAnimClip/v1/21_Attack_Status1/Status1_04/mn_cdkcn_00-2_ani__att_status1_4_04_M.anim"
"Back"	"True"	"mn_cdkcn_00-2_ani__att_status1_4_05_M"	"8914ebb97ffb468693a62b2cd0373e6f"	"Assets/_SO/Boss/AnimParam/Kamen_v1/Back/21_Attack_Status1/Status1_04/mn_cdkcn_00-2_ani__att_status1_4_05_M param.asset"	"Assets/KamenAsset/KamenAnimClip/v1/21_Attack_Status1/Status1_04/mn_cdkcn_00-2_ani__att_status1_4_05_M.anim"
"Back"	"True"	"mn_cdkcn_00-2_ani__att_status1_4_06_M"	"ba466131b4114660b964947336b18c93"	"Assets/_SO/Boss/AnimParam/Kamen_v1/Back/21_Attack_Status1/Status1_04/mn_cdkcn_00-2_ani__att_status1_4_06_M param.asset"	"Assets/KamenAsset/KamenAnimClip/v1/21_Attack_Status1/Status1_04/mn_cdkcn_00-2_ani__att_status1_4_06_M.anim"
"Back"	"True"	"mn_cdkcn_00-2_ani__att_status1_4_07_M"	"c9d612c823114e6dbd90ef50d694c159"	"Assets/_SO/Boss/AnimParam/Kamen_v1/Back/21_Attack_Status1/Status1_04/mn_cdkcn_00-2_ani__att_status1_4_07_M param.asset"	"Assets/KamenAsset/KamenAnimClip/v1/21_Attack_Status1/Status1_04/mn_cdkcn_00-2_ani__att_status1_4_07_M.anim"
"Back"	"True"	"mn_cdkcn_00-2_ani__att_status1_4_08_M"	"e100d9d2730e4515b0bd7eff3f45f219"	"Assets/_SO/Boss/AnimParam/Kamen_v1/Back/21_Attack_Status1/Status1_04/mn_cdkcn_00-2_ani__att_status1_4_08_M param.asset"	"Assets/KamenAsset/KamenAnimClip/v1/21_Attack_Status1/Status1_04/mn_cdkcn_00-2_ani__att_status1_4_08_M.anim"
"Back"	"True"	"mn_cdkcn_00-2_ani__att_status1_4_10_M"	"1c66d05a9d6b437195b29b15be81090d"	"Assets/_SO/Boss/AnimParam/Kamen_v1/Back/21_Attack_Status1/Status1_04/mn_cdkcn_00-2_ani__att_status1_4_10_M param.asset"	"Assets/KamenAsset/KamenAnimClip/v1/21_Attack_Status1/Status1_04/mn_cdkcn_00-2_ani__att_status1_4_10_M.anim"
"Back"	"True"	"mn_cdkcn_00-2_ani__att_status1_4_11_M"	"ff779292b06040459979ed12ccc9748e"	"Assets/_SO/Boss/AnimParam/Kamen_v1/Back/21_Attack_Status1/Status1_04/mn_cdkcn_00-2_ani__att_status1_4_11_M param.asset"	"Assets/KamenAsset/KamenAnimClip/v1/21_Attack_Status1/Status1_04/mn_cdkcn_00-2_ani__att_status1_4_11_M.anim"
"Back"	"True"	"mn_cdkcn_00-2_ani__att_status1_4_12_M"	"1a5237350e86419f8b2726ae09dc609b"	"Assets/_SO/Boss/AnimParam/Kamen_v1/Back/21_Attack_Status1/Status1_04/mn_cdkcn_00-2_ani__att_status1_4_12_M param.asset"	"Assets/KamenAsset/KamenAnimClip/v1/21_Attack_Status1/Status1_04/mn_cdkcn_00-2_ani__att_status1_4_12_M.anim"
"Back"	"True"	"mn_cdkcn_00-2_ani__att_status1_4_13_M"	"6ab6eec90998412e8bb601e4c3e9ce2e"	"Assets/_SO/Boss/AnimParam/Kamen_v1/Back/21_Attack_Status1/Status1_04/mn_cdkcn_00-2_ani__att_status1_4_13_M param.asset"	"Assets/KamenAsset/KamenAnimClip/v1/21_Attack_Status1/Status1_04/mn_cdkcn_00-2_ani__att_status1_4_13_M.anim"
"Back"	"True"	"mn_cdkcn_00-2_ani__att_status1_4_14_M"	"7fed697ef28c4c00866def69d16caf5c"	"Assets/_SO/Boss/AnimParam/Kamen_v1/Back/21_Attack_Status1/Status1_04/mn_cdkcn_00-2_ani__att_status1_4_14_M param.asset"	"Assets/KamenAsset/KamenAnimClip/v1/21_Attack_Status1/Status1_04/mn_cdkcn_00-2_ani__att_status1_4_14_M.anim"
"Back"	"True"	"mn_cdkcn_00-2_ani__att_status1_46_01_M"	"f7742fdb8f7541ee8d4c63064d1b5036"	"Assets/_SO/Boss/AnimParam/Kamen_v1/Back/21_Attack_Status1/Status1_46/mn_cdkcn_00-2_ani__att_status1_46_01_M param.asset"	"Assets/KamenAsset/KamenAnimClip/v1/21_Attack_Status1/Status1_46/mn_cdkcn_00-2_ani__att_status1_46_01_M.anim"
"Back"	"True"	"mn_cdkcn_00-2_ani__att_status1_46_02_M"	"c516c5f8b071422db754ea0ce9174211"	"Assets/_SO/Boss/AnimParam/Kamen_v1/Back/21_Attack_Status1/Status1_46/mn_cdkcn_00-2_ani__att_status1_46_02_M param.asset"	"Assets/KamenAsset/KamenAnimClip/v1/21_Attack_Status1/Status1_46/mn_cdkcn_00-2_ani__att_status1_46_02_M.anim"
"Back"	"True"	"mn_cdkcn_00-2_ani__att_status1_46_03_M"	"f0f9a901630d42fcaf240a9e4ae098e3"	"Assets/_SO/Boss/AnimParam/Kamen_v1/Back/21_Attack_Status1/Status1_46/mn_cdkcn_00-2_ani__att_status1_46_03_M param.asset"	"Assets/KamenAsset/KamenAnimClip/v1/21_Attack_Status1/Status1_46/mn_cdkcn_00-2_ani__att_status1_46_03_M.anim"
"Back"	"True"	"mn_cdkcn_00-2_ani__att_status1_46_04_M"	"79b07aba43c74df9b66be32c600887d9"	"Assets/_SO/Boss/AnimParam/Kamen_v1/Back/21_Attack_Status1/Status1_46/mn_cdkcn_00-2_ani__att_status1_46_04_M param.asset"	"Assets/KamenAsset/KamenAnimClip/v1/21_Attack_Status1/Status1_46/mn_cdkcn_00-2_ani__att_status1_46_04_M.anim"
"Back"	"True"	"mn_cdkcn_00-2_ani__att_status1_46_05_M"	"b76e6f76342f4189905809f97d1c3e45"	"Assets/_SO/Boss/AnimParam/Kamen_v1/Back/21_Attack_Status1/Status1_46/mn_cdkcn_00-2_ani__att_status1_46_05_M param.asset"	"Assets/KamenAsset/KamenAnimClip/v1/21_Attack_Status1/Status1_46/mn_cdkcn_00-2_ani__att_status1_46_05_M.anim"
"Back"	"True"	"mn_cdkcn_00-2_ani__att_status1_5_01_M"	"9f7f29fb59164418970a3f8e6a66eb34"	"Assets/_SO/Boss/AnimParam/Kamen_v1/Back/21_Attack_Status1/Status1_05/mn_cdkcn_00-2_ani__att_status1_5_01_M param.asset"	"Assets/KamenAsset/KamenAnimClip/v1/21_Attack_Status1/Status1_05/mn_cdkcn_00-2_ani__att_status1_5_01_M.anim"
"Back"	"True"	"mn_cdkcn_00-2_ani__att_status1_5_02_M"	"0bcde826aa9e4ac3bdfc58fb3beeb2ab"	"Assets/_SO/Boss/AnimParam/Kamen_v1/Back/21_Attack_Status1/Status1_05/mn_cdkcn_00-2_ani__att_status1_5_02_M param.asset"	"Assets/KamenAsset/KamenAnimClip/v1/21_Attack_Status1/Status1_05/mn_cdkcn_00-2_ani__att_status1_5_02_M.anim"
"Back"	"True"	"mn_cdkcn_00-2_ani__att_status1_5_03_M"	"c050f451aaea423d829fa98c6ac49d85"	"Assets/_SO/Boss/AnimParam/Kamen_v1/Back/21_Attack_Status1/Status1_05/mn_cdkcn_00-2_ani__att_status1_5_03_M param.asset"	"Assets/KamenAsset/KamenAnimClip/v1/21_Attack_Status1/Status1_05/mn_cdkcn_00-2_ani__att_status1_5_03_M.anim"
"Back"	"True"	"mn_cdkcn_00-2_ani__att_status1_5_04_M"	"89df9bcc36d74864a46000715fd21320"	"Assets/_SO/Boss/AnimParam/Kamen_v1/Back/21_Attack_Status1/Status1_05/mn_cdkcn_00-2_ani__att_status1_5_04_M param.asset"	"Assets/KamenAsset/KamenAnimClip/v1/21_Attack_Status1/Status1_05/mn_cdkcn_00-2_ani__att_status1_5_04_M.anim"
"Back"	"True"	"mn_cdkcn_00-2_ani__att_status1_5_05_M"	"dae217e09ed445afb62a62923cc07703"	"Assets/_SO/Boss/AnimParam/Kamen_v1/Back/21_Attack_Status1/Status1_05/mn_cdkcn_00-2_ani__att_status1_5_05_M param.asset"	"Assets/KamenAsset/KamenAnimClip/v1/21_Attack_Status1/Status1_05/mn_cdkcn_00-2_ani__att_status1_5_05_M.anim"
"Back"	"True"	"mn_cdkcn_00-2_ani__att_status1_5_06_M"	"ebaf653608c440498306f192dcdc1115"	"Assets/_SO/Boss/AnimParam/Kamen_v1/Back/21_Attack_Status1/Status1_05/mn_cdkcn_00-2_ani__att_status1_5_06_M param.asset"	"Assets/KamenAsset/KamenAnimClip/v1/21_Attack_Status1/Status1_05/mn_cdkcn_00-2_ani__att_status1_5_06_M.anim"
"Back"	"True"	"mn_cdkcn_00-2_ani__att_status1_5_07_M"	"fe885ea9719b496d892197d54690bf23"	"Assets/_SO/Boss/AnimParam/Kamen_v1/Back/21_Attack_Status1/Status1_05/mn_cdkcn_00-2_ani__att_status1_5_07_M param.asset"	"Assets/KamenAsset/KamenAnimClip/v1/21_Attack_Status1/Status1_05/mn_cdkcn_00-2_ani__att_status1_5_07_M.anim"
"Back"	"True"	"mn_cdkcn_00-2_ani__att_status1_5_08_M"	"cf712f9fd0744c08b735ce1d71f245e0"	"Assets/_SO/Boss/AnimParam/Kamen_v1/Back/21_Attack_Status1/Status1_05/mn_cdkcn_00-2_ani__att_status1_5_08_M param.asset"	"Assets/KamenAsset/KamenAnimClip/v1/21_Attack_Status1/Status1_05/mn_cdkcn_00-2_ani__att_status1_5_08_M.anim"
"Back"	"True"	"mn_cdkcn_00-2_ani__att_status1_5_09_M"	"a07ae5c60b9c470abdc643cc86edbb52"	"Assets/_SO/Boss/AnimParam/Kamen_v1/Back/21_Attack_Status1/Status1_05/mn_cdkcn_00-2_ani__att_status1_5_09_M param.asset"	"Assets/KamenAsset/KamenAnimClip/v1/21_Attack_Status1/Status1_05/mn_cdkcn_00-2_ani__att_status1_5_09_M.anim"
"Back"	"True"	"mn_cdkcn_00-2_ani__att_status1_5_10_M"	"17f2361402c644168e8192c7cf20c4f5"	"Assets/_SO/Boss/AnimParam/Kamen_v1/Back/21_Attack_Status1/Status1_05/mn_cdkcn_00-2_ani__att_status1_5_10_M param.asset"	"Assets/KamenAsset/KamenAnimClip/v1/21_Attack_Status1/Status1_05/mn_cdkcn_00-2_ani__att_status1_5_10_M.anim"
"Back"	"True"	"mn_cdkcn_00-2_ani__att_status1_8_01_M"	"6adeb5c496f148afbb31330a25366ef0"	"Assets/_SO/Boss/AnimParam/Kamen_v1/Back/21_Attack_Status1/Status1_08/mn_cdkcn_00-2_ani__att_status1_8_01_M param.asset"	"Assets/KamenAsset/KamenAnimClip/v1/21_Attack_Status1/Status1_08/mn_cdkcn_00-2_ani__att_status1_8_01_M.anim"
"Back"	"True"	"mn_cdkcn_00-2_ani__att_status1_8_02_M"	"7e1b297d532d4a7bbdd88b4189b96a12"	"Assets/_SO/Boss/AnimParam/Kamen_v1/Back/21_Attack_Status1/Status1_08/mn_cdkcn_00-2_ani__att_status1_8_02_M param.asset"	"Assets/KamenAsset/KamenAnimClip/v1/21_Attack_Status1/Status1_08/mn_cdkcn_00-2_ani__att_status1_8_02_M.anim"
"Back"	"True"	"mn_cdkcn_00-2_ani__att_status1_8_03_M"	"069ebccb6052474cb0026e91644fe854"	"Assets/_SO/Boss/AnimParam/Kamen_v1/Back/21_Attack_Status1/Status1_08/mn_cdkcn_00-2_ani__att_status1_8_03_M param.asset"	"Assets/KamenAsset/KamenAnimClip/v1/21_Attack_Status1/Status1_08/mn_cdkcn_00-2_ani__att_status1_8_03_M.anim"
"Back"	"True"	"mn_cdkcn_00-2_ani__att_status1_8_04_M"	"03f9f2b63d104016b453a23b7ea67ef1"	"Assets/_SO/Boss/AnimParam/Kamen_v1/Back/21_Attack_Status1/Status1_08/mn_cdkcn_00-2_ani__att_status1_8_04_M param.asset"	"Assets/KamenAsset/KamenAnimClip/v1/21_Attack_Status1/Status1_08/mn_cdkcn_00-2_ani__att_status1_8_04_M.anim"
"Back"	"True"	"mn_cdkcn_00-2_ani__att_status1_8_05_M"	"e7fb135ec9964662af3a34a59c5d0dda"	"Assets/_SO/Boss/AnimParam/Kamen_v1/Back/21_Attack_Status1/Status1_08/mn_cdkcn_00-2_ani__att_status1_8_05_M param.asset"	"Assets/KamenAsset/KamenAnimClip/v1/21_Attack_Status1/Status1_08/mn_cdkcn_00-2_ani__att_status1_8_05_M.anim"
"Back"	"True"	"mn_cdkcn_00-2_ani__att_status1_8_06_M"	"b78b2bf1fbae45f490cc0bf9a95b81f6"	"Assets/_SO/Boss/AnimParam/Kamen_v1/Back/21_Attack_Status1/Status1_08/mn_cdkcn_00-2_ani__att_status1_8_06_M param.asset"	"Assets/KamenAsset/KamenAnimClip/v1/21_Attack_Status1/Status1_08/mn_cdkcn_00-2_ani__att_status1_8_06_M.anim"
"Back"	"True"	"mn_cdkcn_00-2_ani__att_status1_8_07_M"	"a8ec7df6a6d141d49b5ffeb516b625d6"	"Assets/_SO/Boss/AnimParam/Kamen_v1/Back/21_Attack_Status1/Status1_08/mn_cdkcn_00-2_ani__att_status1_8_07_M param.asset"	"Assets/KamenAsset/KamenAnimClip/v1/21_Attack_Status1/Status1_08/mn_cdkcn_00-2_ani__att_status1_8_07_M.anim"
"Back"	"True"	"mn_cdkcn_00-2_ani__idle_normal_1_M"	"dc67c5c5b791414481274b351c45ce7b"	"Assets/_SO/Boss/AnimParam/Kamen_v1/Back/11_Idle_Base/Normal/mn_cdkcn_00-2_ani__idle_normal_1_M param.asset"	"Assets/KamenAsset/KamenAnimClip/v1/11_Idle_Base/Normal/mn_cdkcn_00-2_ani__idle_normal_1_M.anim"
"Back"	"True"	"mn_cdkcn_00-2_ani__walk_normal_1_M"	"b57600d41a684bb5832a8ba1f43384fc"	"Assets/_SO/Boss/AnimParam/Kamen_v1/Back/12_Movement/Normal/mn_cdkcn_00-2_ani__walk_normal_1_M param.asset"	"Assets/KamenAsset/KamenAnimClip/v1/12_Movement/Normal/mn_cdkcn_00-2_ani__walk_normal_1_M.anim"
"Hand"	"False"	"mn_cdkcn_00_ani__att_battle_1_02_S"	"65fb74d200a44eacbf0293083477860d"	"Assets/_SO/Boss/AnimParam/Kamen_v1/Hand/20_Attack_Battle/Battle_01/mn_cdkcn_00_ani__att_battle_1_02_S param.asset"	"Assets/KamenAsset/KamenAnimClip/v1/20_Attack_Battle/Battle_01/mn_cdkcn_00_ani__att_battle_1_02_S.anim"
"Hand"	"False"	"mn_cdkcn_00_ani__att_battle_10_01_S"	"aa3eade217f947a9a00621c23852904e"	"Assets/_SO/Boss/AnimParam/Kamen_v1/Hand/20_Attack_Battle/Battle_10/mn_cdkcn_00_ani__att_battle_10_01_S param.asset"	"Assets/KamenAsset/KamenAnimClip/v1/20_Attack_Battle/Battle_10/mn_cdkcn_00_ani__att_battle_10_01_S.anim"
"Hand"	"False"	"mn_cdkcn_00_ani__att_battle_10_02_S"	"197c2e4de64440d8b4d9c2e2f22b8cd8"	"Assets/_SO/Boss/AnimParam/Kamen_v1/Hand/20_Attack_Battle/Battle_10/mn_cdkcn_00_ani__att_battle_10_02_S param.asset"	"Assets/KamenAsset/KamenAnimClip/v1/20_Attack_Battle/Battle_10/mn_cdkcn_00_ani__att_battle_10_02_S.anim"
"Hand"	"False"	"mn_cdkcn_00_ani__att_battle_11_01_S"	"8bf576ac7015450c862e313181c1d4a7"	"Assets/_SO/Boss/AnimParam/Kamen_v1/Hand/20_Attack_Battle/Battle_11/mn_cdkcn_00_ani__att_battle_11_01_S param.asset"	"Assets/KamenAsset/KamenAnimClip/v1/20_Attack_Battle/Battle_11/mn_cdkcn_00_ani__att_battle_11_01_S.anim"
"Hand"	"False"	"mn_cdkcn_00_ani__att_battle_11_02_S"	"48bcc1082cde40f7a1cb66048acc547a"	"Assets/_SO/Boss/AnimParam/Kamen_v1/Hand/20_Attack_Battle/Battle_11/mn_cdkcn_00_ani__att_battle_11_02_S param.asset"	"Assets/KamenAsset/KamenAnimClip/v1/20_Attack_Battle/Battle_11/mn_cdkcn_00_ani__att_battle_11_02_S.anim"
"Hand"	"False"	"mn_cdkcn_00_ani__att_battle_11_03_S"	"3b426ca5c12444f4b0ca494bc8ab800c"	"Assets/_SO/Boss/AnimParam/Kamen_v1/Hand/20_Attack_Battle/Battle_11/mn_cdkcn_00_ani__att_battle_11_03_S param.asset"	"Assets/KamenAsset/KamenAnimClip/v1/20_Attack_Battle/Battle_11/mn_cdkcn_00_ani__att_battle_11_03_S.anim"
"Hand"	"False"	"mn_cdkcn_00_ani__att_battle_12_01_S"	"78fde9774d314157a8790aa1926d7420"	"Assets/_SO/Boss/AnimParam/Kamen_v1/Hand/20_Attack_Battle/Battle_12/mn_cdkcn_00_ani__att_battle_12_01_S param.asset"	"Assets/KamenAsset/KamenAnimClip/v1/20_Attack_Battle/Battle_12/mn_cdkcn_00_ani__att_battle_12_01_S.anim"
"Hand"	"False"	"mn_cdkcn_00_ani__att_battle_12_02_S"	"9018cfd0a98b4b4e8dd136e76f16e5b7"	"Assets/_SO/Boss/AnimParam/Kamen_v1/Hand/20_Attack_Battle/Battle_12/mn_cdkcn_00_ani__att_battle_12_02_S param.asset"	"Assets/KamenAsset/KamenAnimClip/v1/20_Attack_Battle/Battle_12/mn_cdkcn_00_ani__att_battle_12_02_S.anim"
"Hand"	"False"	"mn_cdkcn_00_ani__att_battle_12_03_S"	"69f601e659b141b2ae1a7fe8f62eac40"	"Assets/_SO/Boss/AnimParam/Kamen_v1/Hand/20_Attack_Battle/Battle_12/mn_cdkcn_00_ani__att_battle_12_03_S param.asset"	"Assets/KamenAsset/KamenAnimClip/v1/20_Attack_Battle/Battle_12/mn_cdkcn_00_ani__att_battle_12_03_S.anim"
"Hand"	"False"	"mn_cdkcn_00_ani__att_battle_13_01_S"	"80726d3b2ee24e798699c08fbfc82a7d"	"Assets/_SO/Boss/AnimParam/Kamen_v1/Hand/20_Attack_Battle/Battle_13/mn_cdkcn_00_ani__att_battle_13_01_S param.asset"	"Assets/KamenAsset/KamenAnimClip/v1/20_Attack_Battle/Battle_13/mn_cdkcn_00_ani__att_battle_13_01_S.anim"
"Hand"	"False"	"mn_cdkcn_00_ani__att_battle_14_01_S"	"f12d800f90524029bf35cd9d5eb681c3"	"Assets/_SO/Boss/AnimParam/Kamen_v1/Hand/20_Attack_Battle/Battle_14/mn_cdkcn_00_ani__att_battle_14_01_S param.asset"	"Assets/KamenAsset/KamenAnimClip/v1/20_Attack_Battle/Battle_14/mn_cdkcn_00_ani__att_battle_14_01_S.anim"
"Hand"	"False"	"mn_cdkcn_00_ani__att_battle_14_02_S"	"c82f11527b7045078acffeec536823d5"	"Assets/_SO/Boss/AnimParam/Kamen_v1/Hand/20_Attack_Battle/Battle_14/mn_cdkcn_00_ani__att_battle_14_02_S param.asset"	"Assets/KamenAsset/KamenAnimClip/v1/20_Attack_Battle/Battle_14/mn_cdkcn_00_ani__att_battle_14_02_S.anim"
"Hand"	"False"	"mn_cdkcn_00_ani__att_battle_14_03_S"	"eb0d984ef98f4105a7c428e7287892f2"	"Assets/_SO/Boss/AnimParam/Kamen_v1/Hand/20_Attack_Battle/Battle_14/mn_cdkcn_00_ani__att_battle_14_03_S param.asset"	"Assets/KamenAsset/KamenAnimClip/v1/20_Attack_Battle/Battle_14/mn_cdkcn_00_ani__att_battle_14_03_S.anim"
"Hand"	"False"	"mn_cdkcn_00_ani__att_battle_14_04_S"	"f43b270bfaa74283811fb5c5dec755dc"	"Assets/_SO/Boss/AnimParam/Kamen_v1/Hand/20_Attack_Battle/Battle_14/mn_cdkcn_00_ani__att_battle_14_04_S param.asset"	"Assets/KamenAsset/KamenAnimClip/v1/20_Attack_Battle/Battle_14/mn_cdkcn_00_ani__att_battle_14_04_S.anim"
"Hand"	"False"	"mn_cdkcn_00_ani__att_battle_15_01_S"	"0b8dfd35e0194efaa2097677ad4ebd5a"	"Assets/_SO/Boss/AnimParam/Kamen_v1/Hand/20_Attack_Battle/Battle_15/mn_cdkcn_00_ani__att_battle_15_01_S param.asset"	"Assets/KamenAsset/KamenAnimClip/v1/20_Attack_Battle/Battle_15/mn_cdkcn_00_ani__att_battle_15_01_S.anim"
"Hand"	"False"	"mn_cdkcn_00_ani__att_battle_15_02_S"	"92dfc9bd98464f85ad75097d5b670cee"	"Assets/_SO/Boss/AnimParam/Kamen_v1/Hand/20_Attack_Battle/Battle_15/mn_cdkcn_00_ani__att_battle_15_02_S param.asset"	"Assets/KamenAsset/KamenAnimClip/v1/20_Attack_Battle/Battle_15/mn_cdkcn_00_ani__att_battle_15_02_S.anim"
"Hand"	"False"	"mn_cdkcn_00_ani__att_battle_15_03_S"	"3faadc66dc904de78034c6a205136f51"	"Assets/_SO/Boss/AnimParam/Kamen_v1/Hand/20_Attack_Battle/Battle_15/mn_cdkcn_00_ani__att_battle_15_03_S param.asset"	"Assets/KamenAsset/KamenAnimClip/v1/20_Attack_Battle/Battle_15/mn_cdkcn_00_ani__att_battle_15_03_S.anim"
"Hand"	"False"	"mn_cdkcn_00_ani__att_battle_16_01_S"	"177bb119d2774278a0104c81eea75d19"	"Assets/_SO/Boss/AnimParam/Kamen_v1/Hand/20_Attack_Battle/Battle_16/mn_cdkcn_00_ani__att_battle_16_01_S param.asset"	"Assets/KamenAsset/KamenAnimClip/v1/20_Attack_Battle/Battle_16/mn_cdkcn_00_ani__att_battle_16_01_S.anim"
"Hand"	"False"	"mn_cdkcn_00_ani__att_battle_16_02_S"	"56ca11e77a2e468a862ef08ffd99bdb2"	"Assets/_SO/Boss/AnimParam/Kamen_v1/Hand/20_Attack_Battle/Battle_16/mn_cdkcn_00_ani__att_battle_16_02_S param.asset"	"Assets/KamenAsset/KamenAnimClip/v1/20_Attack_Battle/Battle_16/mn_cdkcn_00_ani__att_battle_16_02_S.anim"
"Hand"	"False"	"mn_cdkcn_00_ani__att_battle_16_03_S"	"4d60f288ac4b40299606f5d805cf1e62"	"Assets/_SO/Boss/AnimParam/Kamen_v1/Hand/20_Attack_Battle/Battle_16/mn_cdkcn_00_ani__att_battle_16_03_S param.asset"	"Assets/KamenAsset/KamenAnimClip/v1/20_Attack_Battle/Battle_16/mn_cdkcn_00_ani__att_battle_16_03_S.anim"
"Hand"	"False"	"mn_cdkcn_00_ani__att_battle_17_01_S"	"0b9a8e5ef92e4e36a9827dce3ec7722c"	"Assets/_SO/Boss/AnimParam/Kamen_v1/Hand/20_Attack_Battle/Battle_17/mn_cdkcn_00_ani__att_battle_17_01_S param.asset"	"Assets/KamenAsset/KamenAnimClip/v1/20_Attack_Battle/Battle_17/mn_cdkcn_00_ani__att_battle_17_01_S.anim"
"Hand"	"False"	"mn_cdkcn_00_ani__att_battle_17_02_S"	"a509d185ef9d408694478bca4c624852"	"Assets/_SO/Boss/AnimParam/Kamen_v1/Hand/20_Attack_Battle/Battle_17/mn_cdkcn_00_ani__att_battle_17_02_S param.asset"	"Assets/KamenAsset/KamenAnimClip/v1/20_Attack_Battle/Battle_17/mn_cdkcn_00_ani__att_battle_17_02_S.anim"
"Hand"	"False"	"mn_cdkcn_00_ani__att_battle_18_01_S"	"aaacf64be3a34774aa27e2bc4b674c87"	"Assets/_SO/Boss/AnimParam/Kamen_v1/Hand/20_Attack_Battle/Battle_18/mn_cdkcn_00_ani__att_battle_18_01_S param.asset"	"Assets/KamenAsset/KamenAnimClip/v1/20_Attack_Battle/Battle_18/mn_cdkcn_00_ani__att_battle_18_01_S.anim"
"Hand"	"False"	"mn_cdkcn_00_ani__att_battle_18_02_S"	"5b4f1d6ac20847ae9abe24ad7a6e0231"	"Assets/_SO/Boss/AnimParam/Kamen_v1/Hand/20_Attack_Battle/Battle_18/mn_cdkcn_00_ani__att_battle_18_02_S param.asset"	"Assets/KamenAsset/KamenAnimClip/v1/20_Attack_Battle/Battle_18/mn_cdkcn_00_ani__att_battle_18_02_S.anim"
"Hand"	"False"	"mn_cdkcn_00_ani__att_battle_18_03_S"	"7d6b9bef79454801abafbc9d2448c279"	"Assets/_SO/Boss/AnimParam/Kamen_v1/Hand/20_Attack_Battle/Battle_18/mn_cdkcn_00_ani__att_battle_18_03_S param.asset"	"Assets/KamenAsset/KamenAnimClip/v1/20_Attack_Battle/Battle_18/mn_cdkcn_00_ani__att_battle_18_03_S.anim"
"Hand"	"False"	"mn_cdkcn_00_ani__att_battle_2_01_S"	"4cadd813be05487abb6c4cb6f2e480cf"	"Assets/_SO/Boss/AnimParam/Kamen_v1/Hand/20_Attack_Battle/Battle_02/mn_cdkcn_00_ani__att_battle_2_01_S param.asset"	"Assets/KamenAsset/KamenAnimClip/v1/20_Attack_Battle/Battle_02/mn_cdkcn_00_ani__att_battle_2_01_S.anim"
"Hand"	"False"	"mn_cdkcn_00_ani__att_battle_3_01_S"	"45c792cf79e7454795c1461cf00757fa"	"Assets/_SO/Boss/AnimParam/Kamen_v1/Hand/20_Attack_Battle/Battle_03/mn_cdkcn_00_ani__att_battle_3_01_S param.asset"	"Assets/KamenAsset/KamenAnimClip/v1/20_Attack_Battle/Battle_03/mn_cdkcn_00_ani__att_battle_3_01_S.anim"
"Hand"	"False"	"mn_cdkcn_00_ani__att_battle_3_02_S"	"e1f7ffeb4d9444078c9518ef41706fba"	"Assets/_SO/Boss/AnimParam/Kamen_v1/Hand/20_Attack_Battle/Battle_03/mn_cdkcn_00_ani__att_battle_3_02_S param.asset"	"Assets/KamenAsset/KamenAnimClip/v1/20_Attack_Battle/Battle_03/mn_cdkcn_00_ani__att_battle_3_02_S.anim"
"Hand"	"False"	"mn_cdkcn_00_ani__att_battle_3_03_S"	"dda1f352db7740a8b7fd8385c46ef44c"	"Assets/_SO/Boss/AnimParam/Kamen_v1/Hand/20_Attack_Battle/Battle_03/mn_cdkcn_00_ani__att_battle_3_03_S param.asset"	"Assets/KamenAsset/KamenAnimClip/v1/20_Attack_Battle/Battle_03/mn_cdkcn_00_ani__att_battle_3_03_S.anim"
"Hand"	"False"	"mn_cdkcn_00_ani__att_battle_4_01_S"	"8985a5e95416422eb0374d3c3b0f00df"	"Assets/_SO/Boss/AnimParam/Kamen_v1/Hand/20_Attack_Battle/Battle_04/mn_cdkcn_00_ani__att_battle_4_01_S param.asset"	"Assets/KamenAsset/KamenAnimClip/v1/20_Attack_Battle/Battle_04/mn_cdkcn_00_ani__att_battle_4_01_S.anim"
"Hand"	"False"	"mn_cdkcn_00_ani__att_battle_4_02_S"	"64addeaf4ac74dcd82713693f728bc4d"	"Assets/_SO/Boss/AnimParam/Kamen_v1/Hand/20_Attack_Battle/Battle_04/mn_cdkcn_00_ani__att_battle_4_02_S param.asset"	"Assets/KamenAsset/KamenAnimClip/v1/20_Attack_Battle/Battle_04/mn_cdkcn_00_ani__att_battle_4_02_S.anim"
"Hand"	"False"	"mn_cdkcn_00_ani__att_battle_4_03_S"	"efb75d43d0574a4d84f1cf7abe7742af"	"Assets/_SO/Boss/AnimParam/Kamen_v1/Hand/20_Attack_Battle/Battle_04/mn_cdkcn_00_ani__att_battle_4_03_S param.asset"	"Assets/KamenAsset/KamenAnimClip/v1/20_Attack_Battle/Battle_04/mn_cdkcn_00_ani__att_battle_4_03_S.anim"
"Hand"	"False"	"mn_cdkcn_00_ani__att_battle_5_01_S"	"f9ee00c4cb8149d38ff7a5ed442f2401"	"Assets/_SO/Boss/AnimParam/Kamen_v1/Hand/20_Attack_Battle/Battle_05/mn_cdkcn_00_ani__att_battle_5_01_S param.asset"	"Assets/KamenAsset/KamenAnimClip/v1/20_Attack_Battle/Battle_05/mn_cdkcn_00_ani__att_battle_5_01_S.anim"
"Hand"	"False"	"mn_cdkcn_00_ani__att_battle_5_02_S"	"6751445eb2d7409bb89dbbf7202a205a"	"Assets/_SO/Boss/AnimParam/Kamen_v1/Hand/20_Attack_Battle/Battle_05/mn_cdkcn_00_ani__att_battle_5_02_S param.asset"	"Assets/KamenAsset/KamenAnimClip/v1/20_Attack_Battle/Battle_05/mn_cdkcn_00_ani__att_battle_5_02_S.anim"
"Hand"	"False"	"mn_cdkcn_00_ani__att_battle_5_03_S"	"e61c39e7bf864c77a7c4139172cc9630"	"Assets/_SO/Boss/AnimParam/Kamen_v1/Hand/20_Attack_Battle/Battle_05/mn_cdkcn_00_ani__att_battle_5_03_S param.asset"	"Assets/KamenAsset/KamenAnimClip/v1/20_Attack_Battle/Battle_05/mn_cdkcn_00_ani__att_battle_5_03_S.anim"
"Hand"	"False"	"mn_cdkcn_00_ani__att_battle_6_01_S"	"b97d0857436e48828f6c386ee26f9d38"	"Assets/_SO/Boss/AnimParam/Kamen_v1/Hand/20_Attack_Battle/Battle_06/mn_cdkcn_00_ani__att_battle_6_01_S param.asset"	"Assets/KamenAsset/KamenAnimClip/v1/20_Attack_Battle/Battle_06/mn_cdkcn_00_ani__att_battle_6_01_S.anim"
"Hand"	"False"	"mn_cdkcn_00_ani__att_battle_6_02_S"	"e6a0324576eb44cdaeda954b018e72ef"	"Assets/_SO/Boss/AnimParam/Kamen_v1/Hand/20_Attack_Battle/Battle_06/mn_cdkcn_00_ani__att_battle_6_02_S param.asset"	"Assets/KamenAsset/KamenAnimClip/v1/20_Attack_Battle/Battle_06/mn_cdkcn_00_ani__att_battle_6_02_S.anim"
"Hand"	"False"	"mn_cdkcn_00_ani__att_battle_6_03_S"	"1ab53911228243d3b83c96fa05aa5131"	"Assets/_SO/Boss/AnimParam/Kamen_v1/Hand/20_Attack_Battle/Battle_06/mn_cdkcn_00_ani__att_battle_6_03_S param.asset"	"Assets/KamenAsset/KamenAnimClip/v1/20_Attack_Battle/Battle_06/mn_cdkcn_00_ani__att_battle_6_03_S.anim"
"Hand"	"False"	"mn_cdkcn_00_ani__att_battle_7_01_S"	"61b0fe652aca4d2eb41e900b342022c2"	"Assets/_SO/Boss/AnimParam/Kamen_v1/Hand/20_Attack_Battle/Battle_07/mn_cdkcn_00_ani__att_battle_7_01_S param.asset"	"Assets/KamenAsset/KamenAnimClip/v1/20_Attack_Battle/Battle_07/mn_cdkcn_00_ani__att_battle_7_01_S.anim"
"Hand"	"False"	"mn_cdkcn_00_ani__att_battle_7_02_S"	"5fe00b27ab434ba79f148efb635498b3"	"Assets/_SO/Boss/AnimParam/Kamen_v1/Hand/20_Attack_Battle/Battle_07/mn_cdkcn_00_ani__att_battle_7_02_S param.asset"	"Assets/KamenAsset/KamenAnimClip/v1/20_Attack_Battle/Battle_07/mn_cdkcn_00_ani__att_battle_7_02_S.anim"
"Hand"	"False"	"mn_cdkcn_00_ani__att_battle_7_03_S"	"e8f4c600b57a47e189a73e1307264fec"	"Assets/_SO/Boss/AnimParam/Kamen_v1/Hand/20_Attack_Battle/Battle_07/mn_cdkcn_00_ani__att_battle_7_03_S param.asset"	"Assets/KamenAsset/KamenAnimClip/v1/20_Attack_Battle/Battle_07/mn_cdkcn_00_ani__att_battle_7_03_S.anim"
"Hand"	"False"	"mn_cdkcn_00_ani__att_battle_8_01_S"	"1d58425a928f431197cb576b267951c4"	"Assets/_SO/Boss/AnimParam/Kamen_v1/Hand/20_Attack_Battle/Battle_08/mn_cdkcn_00_ani__att_battle_8_01_S param.asset"	"Assets/KamenAsset/KamenAnimClip/v1/20_Attack_Battle/Battle_08/mn_cdkcn_00_ani__att_battle_8_01_S.anim"
"Hand"	"False"	"mn_cdkcn_00_ani__att_battle_8_02_S"	"e6ce3045aa524aea97e7407665d6fdda"	"Assets/_SO/Boss/AnimParam/Kamen_v1/Hand/20_Attack_Battle/Battle_08/mn_cdkcn_00_ani__att_battle_8_02_S param.asset"	"Assets/KamenAsset/KamenAnimClip/v1/20_Attack_Battle/Battle_08/mn_cdkcn_00_ani__att_battle_8_02_S.anim"
"Hand"	"False"	"mn_cdkcn_00_ani__att_battle_8_03_S"	"853338cfa4d540be8f4cacf57b9f913e"	"Assets/_SO/Boss/AnimParam/Kamen_v1/Hand/20_Attack_Battle/Battle_08/mn_cdkcn_00_ani__att_battle_8_03_S param.asset"	"Assets/KamenAsset/KamenAnimClip/v1/20_Attack_Battle/Battle_08/mn_cdkcn_00_ani__att_battle_8_03_S.anim"
"Hand"	"False"	"mn_cdkcn_00_ani__att_battle_8_04_S"	"aaa6c45c355242abbfac330482b264a2"	"Assets/_SO/Boss/AnimParam/Kamen_v1/Hand/20_Attack_Battle/Battle_08/mn_cdkcn_00_ani__att_battle_8_04_S param.asset"	"Assets/KamenAsset/KamenAnimClip/v1/20_Attack_Battle/Battle_08/mn_cdkcn_00_ani__att_battle_8_04_S.anim"
"Hand"	"False"	"mn_cdkcn_00_ani__att_battle_8_05_S"	"1cb0b387d89044899c56b03e1e19fbd2"	"Assets/_SO/Boss/AnimParam/Kamen_v1/Hand/20_Attack_Battle/Battle_08/mn_cdkcn_00_ani__att_battle_8_05_S param.asset"	"Assets/KamenAsset/KamenAnimClip/v1/20_Attack_Battle/Battle_08/mn_cdkcn_00_ani__att_battle_8_05_S.anim"
"Hand"	"False"	"mn_cdkcn_00_ani__att_battle_8_06_S"	"4c28b5d7b1914d1c9a742167854e6d7f"	"Assets/_SO/Boss/AnimParam/Kamen_v1/Hand/20_Attack_Battle/Battle_08/mn_cdkcn_00_ani__att_battle_8_06_S param.asset"	"Assets/KamenAsset/KamenAnimClip/v1/20_Attack_Battle/Battle_08/mn_cdkcn_00_ani__att_battle_8_06_S.anim"
"Hand"	"False"	"mn_cdkcn_00_ani__att_battle_8_07_S"	"e35b4c984e104358beab6c3644b577c9"	"Assets/_SO/Boss/AnimParam/Kamen_v1/Hand/20_Attack_Battle/Battle_08/mn_cdkcn_00_ani__att_battle_8_07_S param.asset"	"Assets/KamenAsset/KamenAnimClip/v1/20_Attack_Battle/Battle_08/mn_cdkcn_00_ani__att_battle_8_07_S.anim"
"Hand"	"False"	"mn_cdkcn_00_ani__att_battle_8_08_S"	"7f3e1e97b82a4692ba264065a9c49b55"	"Assets/_SO/Boss/AnimParam/Kamen_v1/Hand/20_Attack_Battle/Battle_08/mn_cdkcn_00_ani__att_battle_8_08_S param.asset"	"Assets/KamenAsset/KamenAnimClip/v1/20_Attack_Battle/Battle_08/mn_cdkcn_00_ani__att_battle_8_08_S.anim"
"Hand"	"False"	"mn_cdkcn_00_ani__att_battle_8_09_S"	"ea53ff51c3d74cedb66f67914f80be59"	"Assets/_SO/Boss/AnimParam/Kamen_v1/Hand/20_Attack_Battle/Battle_08/mn_cdkcn_00_ani__att_battle_8_09_S param.asset"	"Assets/KamenAsset/KamenAnimClip/v1/20_Attack_Battle/Battle_08/mn_cdkcn_00_ani__att_battle_8_09_S.anim"
"Hand"	"False"	"mn_cdkcn_00_ani__att_battle_8_10_S"	"2fe63cf5e91a4878a270ee07ebdb6823"	"Assets/_SO/Boss/AnimParam/Kamen_v1/Hand/20_Attack_Battle/Battle_08/mn_cdkcn_00_ani__att_battle_8_10_S param.asset"	"Assets/KamenAsset/KamenAnimClip/v1/20_Attack_Battle/Battle_08/mn_cdkcn_00_ani__att_battle_8_10_S.anim"
"Hand"	"False"	"mn_cdkcn_00_ani__att_battle_8_11_S"	"91bfeef260284adfa09beaa33f4bc8fc"	"Assets/_SO/Boss/AnimParam/Kamen_v1/Hand/20_Attack_Battle/Battle_08/mn_cdkcn_00_ani__att_battle_8_11_S param.asset"	"Assets/KamenAsset/KamenAnimClip/v1/20_Attack_Battle/Battle_08/mn_cdkcn_00_ani__att_battle_8_11_S.anim"
"Hand"	"False"	"mn_cdkcn_00_ani__att_battle_9_01_S"	"ddbdf59c33074c8c9ff2ece2e71418b2"	"Assets/_SO/Boss/AnimParam/Kamen_v1/Hand/20_Attack_Battle/Battle_09/mn_cdkcn_00_ani__att_battle_9_01_S param.asset"	"Assets/KamenAsset/KamenAnimClip/v1/20_Attack_Battle/Battle_09/mn_cdkcn_00_ani__att_battle_9_01_S.anim"
"Hand"	"False"	"mn_cdkcn_00_ani__att_battle_9_02_S"	"52e9aaa79e854095b04e5b9d72167b51"	"Assets/_SO/Boss/AnimParam/Kamen_v1/Hand/20_Attack_Battle/Battle_09/mn_cdkcn_00_ani__att_battle_9_02_S param.asset"	"Assets/KamenAsset/KamenAnimClip/v1/20_Attack_Battle/Battle_09/mn_cdkcn_00_ani__att_battle_9_02_S.anim"
"Hand"	"False"	"mn_cdkcn_00_ani__att_battle_9_03_S"	"386c58f5074b41d5ae7be3e80bc47ef2"	"Assets/_SO/Boss/AnimParam/Kamen_v1/Hand/20_Attack_Battle/Battle_09/mn_cdkcn_00_ani__att_battle_9_03_S param.asset"	"Assets/KamenAsset/KamenAnimClip/v1/20_Attack_Battle/Battle_09/mn_cdkcn_00_ani__att_battle_9_03_S.anim"
"Hand"	"False"	"mn_cdkcn_00_ani__att_battle_9_04_S"	"a00692b23f8e4985b985297e4c1c6c1b"	"Assets/_SO/Boss/AnimParam/Kamen_v1/Hand/20_Attack_Battle/Battle_09/mn_cdkcn_00_ani__att_battle_9_04_S param.asset"	"Assets/KamenAsset/KamenAnimClip/v1/20_Attack_Battle/Battle_09/mn_cdkcn_00_ani__att_battle_9_04_S.anim"
"Hand"	"False"	"mn_cdkcn_00_ani__att_battle_9_05_S"	"9e02eecc3c20405c88c9a550116d7937"	"Assets/_SO/Boss/AnimParam/Kamen_v1/Hand/20_Attack_Battle/Battle_09/mn_cdkcn_00_ani__att_battle_9_05_S param.asset"	"Assets/KamenAsset/KamenAnimClip/v1/20_Attack_Battle/Battle_09/mn_cdkcn_00_ani__att_battle_9_05_S.anim"
"Hand"	"False"	"mn_cdkcn_00_ani__idle_battle_1_S"	"6010390bf59b49f0b5b79b1d4ea72761"	"Assets/_SO/Boss/AnimParam/Kamen_v1/Hand/11_Idle_Base/Battle/mn_cdkcn_00_ani__idle_battle_1_S param.asset"	"Assets/KamenAsset/KamenAnimClip/v1/11_Idle_Base/Battle/mn_cdkcn_00_ani__idle_battle_1_S.anim"
"Hand"	"False"	"mn_cdkcn_00_ani__run_battle_1_S"	"572e8a3dcc88458a8fd65128f033ff02"	"Assets/_SO/Boss/AnimParam/Kamen_v1/Hand/12_Movement/Battle/mn_cdkcn_00_ani__run_battle_1_S param.asset"	"Assets/KamenAsset/KamenAnimClip/v1/12_Movement/Battle/mn_cdkcn_00_ani__run_battle_1_S.anim"
"Hand"	"False"	"mn_cdkcn_00_ani__turn_l_battle_S"	"2b0b1e3f992b4a62a63a91bd26df4c27"	"Assets/_SO/Boss/AnimParam/Kamen_v1/Hand/90_Other/Misc/mn_cdkcn_00_ani__turn_l_battle_S param.asset"	"Assets/KamenAsset/KamenAnimClip/v1/90_Other/Misc/mn_cdkcn_00_ani__turn_l_battle_S.anim"
"Hand"	"False"	"mn_cdkcn_00_ani__turn_r_battle_S"	"162df794dbd84d7ba3ee0c06e9424720"	"Assets/_SO/Boss/AnimParam/Kamen_v1/Hand/90_Other/Misc/mn_cdkcn_00_ani__turn_r_battle_S param.asset"	"Assets/KamenAsset/KamenAnimClip/v1/90_Other/Misc/mn_cdkcn_00_ani__turn_r_battle_S.anim"
"Hand"	"False"	"mn_cdkcn_00-2_ani__idle_battle_1_S"	"012c279c5cee4a47a04a10fd80b3ff38"	"Assets/_SO/Boss/AnimParam/Kamen_v1/Hand/11_Idle_Base/Battle/mn_cdkcn_00-2_ani__idle_battle_1_S param.asset"	"Assets/KamenAsset/KamenAnimClip/v1/11_Idle_Base/Battle/mn_cdkcn_00-2_ani__idle_battle_1_S.anim"
"Hand"	"False"	"mn_cdkcn_00-2_ani__run_battle_1_S"	"c56aa0a56c59486d95395aa5fab377d5"	"Assets/_SO/Boss/AnimParam/Kamen_v1/Hand/12_Movement/Battle/mn_cdkcn_00-2_ani__run_battle_1_S param.asset"	"Assets/KamenAsset/KamenAnimClip/v1/12_Movement/Battle/mn_cdkcn_00-2_ani__run_battle_1_S.anim"
